net_cashflow,gross_payouts,trader_payouts,challenge_costs,activation_costs,purchased_challenges,challenge_passes,challenge_failures,funded_closures,avg_active_funded,avg_active_challenges,month
-70.0,0.0,0.0,70.0,0.0,1,0,1,0,0.0,0.42857142857142855,2021-01
-70.0,0.0,0.0,70.0,0.0,1,1,0,0,0.55,0.45,2021-02
-70.0,0.0,0.0,70.0,0.0,1,1,0,0,1.608695652173913,0.391304347826087,2021-03
-70.0,0.0,0.0,70.0,0.0,1,0,0,0,2.0,1.0,2021-04
-70.0,0.0,0.0,70.0,0.0,1,0,2,0,2.0,0.9523809523809523,2021-05
-70.0,0.0,0.0,70.0,0.0,1,1,0,0,2.1363636363636362,0.8636363636363636,2021-06
-70.0,0.0,0.0,70.0,0.0,1,0,1,0,3.0,0.2727272727272727,2021-07
-70.0,0.0,0.0,70.0,0.0,1,0,0,0,3.0,1.0,2021-08
-70.0,0.0,0.0,70.0,0.0,1,2,0,0,4.045454545454546,0.9545454545454546,2021-09
0.0,0.0,0.0,0.0,0.0,0,0,0,0,5.0,0.0,2021-10
0.0,0.0,0.0,0.0,0.0,0,0,0,0,5.0,0.0,2021-11
0.0,0.0,0.0,0.0,0.0,0,0,0,0,5.0,0.0,2021-12
0.0,0.0,0.0,0.0,0.0,0,0,0,0,5.0,0.0,2022-01
0.0,0.0,0.0,0.0,0.0,0,0,0,0,5.0,0.0,2022-02
1483.1102283629493,1647.9002537366105,1483.1102283629493,0.0,0.0,0,0,0,0,5.0,0.0,2022-03
0.0,0.0,0.0,0.0,0.0,0,0,0,0,5.0,0.0,2022-04
1441.3834531224802,1601.5371701360891,1441.3834531224802,0.0,0.0,0,0,0,0,5.0,0.0,2022-05
961.7454598673078,1068.6060665192308,961.7454598673078,0.0,0.0,0,0,0,0,5.0,0.0,2022-06
0.0,0.0,0.0,0.0,0.0,0,0,0,0,5.0,0.0,2022-07
0.0,0.0,0.0,0.0,0.0,0,0,0,0,5.0,0.0,2022-08
1501.6211175074754,1668.4679083416395,1501.6211175074754,0.0,0.0,0,0,0,0,5.0,0.0,2022-09
0.0,0.0,0.0,0.0,0.0,0,0,0,0,5.0,0.0,2022-10
920.5141608024476,1022.7935120027196,920.5141608024476,0.0,0.0,0,0,0,0,5.0,0.0,2022-11
0.0,0.0,0.0,0.0,0.0,0,0,0,0,5.0,0.0,2022-12
1372.5430461643941,1525.0478290715491,1372.5430461643941,0.0,0.0,0,0,0,0,5.0,0.0,2023-01
0.0,0.0,0.0,0.0,0.0,0,0,0,0,5.0,0.0,2023-02
0.0,0.0,0.0,0.0,0.0,0,0,0,0,5.0,0.0,2023-03
0.0,0.0,0.0,0.0,0.0,0,0,0,0,5.0,0.0,2023-04
0.0,0.0,0.0,0.0,0.0,0,0,0,0,5.0,0.0,2023-05
451.0774844581105,501.1972049534561,451.0774844581105,0.0,0.0,0,0,0,0,5.0,0.0,2023-06
0.0,0.0,0.0,0.0,0.0,0,0,0,0,5.0,0.0,2023-07
455.4577809656352,506.064201072928,455.4577809656352,0.0,0.0,0,0,0,0,5.0,0.0,2023-08
0.0,0.0,0.0,0.0,0.0,0,0,0,0,5.0,0.0,2023-09
0.0,0.0,0.0,0.0,0.0,0,0,0,0,5.0,0.0,2023-10
0.0,0.0,0.0,0.0,0.0,0,0,0,0,5.0,0.0,2023-11
2335.9392133391466,2595.488014821274,2335.9392133391466,0.0,0.0,0,0,0,0,5.0,0.0,2023-12
0.0,0.0,0.0,0.0,0.0,0,0,0,0,5.0,0.0,2024-01
1373.5712603002721,1526.1902892225244,1373.5712603002721,0.0,0.0,0,0,0,1,4.0,0.0,2024-02
380.17474290995887,500.1941587888432,450.17474290995887,70.0,0.0,1,1,0,1,4.190476190476191,0.7142857142857143,2024-03
420.03705192103735,544.485613245597,490.03705192103735,70.0,0.0,1,1,0,1,3.590909090909091,0.45454545454545453,2024-04
-70.0,0.0,0.0,70.0,0.0,1,0,1,0,4.0,0.30434782608695654,2024-05
-70.0,0.0,0.0,70.0,0.0,1,0,0,1,3.4,1.0,2024-06
-70.0,0.0,0.0,70.0,0.0,1,2,0,0,4.565217391304348,0.43478260869565216,2024-07
906.5935677448075,1007.3261863831194,906.5935677448075,0.0,0.0,0,0,0,2,3.0,0.0,2024-08
-70.0,0.0,0.0,70.0,0.0,1,1,0,0,3.8095238095238093,0.19047619047619047,2024-09
-70.0,0.0,0.0,70.0,0.0,1,1,0,0,4.3478260869565215,0.6521739130434783,2024-10
0.0,0.0,0.0,0.0,0.0,0,0,0,0,5.0,0.0,2024-11
0.0,0.0,0.0,0.0,0.0,0,0,0,0,5.0,0.0,2024-12
0.0,0.0,0.0,0.0,0.0,0,0,0,0,5.0,0.0,2025-01
1053.2137461601676,1170.2374957335196,1053.2137461601676,0.0,0.0,0,0,0,0,5.0,0.0,2025-02
992.7320817651075,1103.035646405675,992.7320817651075,0.0,0.0,0,0,0,0,5.0,0.0,2025-03
1457.7572786193855,1619.7303095770949,1457.7572786193855,0.0,0.0,0,0,0,0,5.0,0.0,2025-04
0.0,0.0,0.0,0.0,0.0,0,0,0,0,5.0,0.0,2025-05
459.624491584052,510.6938795378355,459.624491584052,0.0,0.0,0,0,0,0,5.0,0.0,2025-06
0.0,0.0,0.0,0.0,0.0,0,0,0,0,5.0,0.0,2025-07
0.0,0.0,0.0,0.0,0.0,0,0,0,0,5.0,0.0,2025-08
0.0,0.0,0.0,0.0,0.0,0,0,0,0,5.0,0.0,2025-09
479.9838161786862,533.3153513096513,479.9838161786862,0.0,0.0,0,0,0,0,5.0,0.0,2025-10
1853.0946690504627,2058.9940767227363,1853.0946690504627,0.0,0.0,0,0,0,0,5.0,0.0,2025-11
0.0,0.0,0.0,0.0,0.0,0,0,0,0,5.0,0.0,2025-12
