account_id,account_code,lifecycle_state,phase,start_day,balance,closing_high_balance,max_loss_floor,largest_daily_profit,evaluation_trading_days,payout_cycle_profit,payout_cycle_largest_profit,payout_profit_days,payout_count,total_gross_payouts,total_trader_payouts,challenge_fee_paid,activation_fee_paid,reset_fee_paid,scale_mini_limit,scale_micro_limit,pass_day,close_day,last_payout_day,breach_reason
lucid_11,25000,funded_active,funded,2024-04-01,27965.174266610295,28638.92136573367,25100.0,1060.1938386935144,11,-159.63335602545703,192.74838416588682,3,3,1621.6156712153643,1459.454104093828,70.0,0.0,0.0,2,20,2024-04-15,,2025-11-17,
lucid_13,25000,funded_active,funded,2024-06-03,28437.77385983153,28889.096833798634,25100.0,709.2821653698011,26,270.4311420082922,196.00575016984658,5,3,1652.4614656899994,1487.2153191209995,70.0,0.0,0.0,2,20,2024-07-08,,2025-11-04,
lucid_14,25000,funded_active,funded,2024-07-01,28437.77385983153,28889.096833798634,25100.0,426.8119500494031,6,270.4311420082922,196.00575016984658,5,3,1652.4614656899994,1487.2153191209995,70.0,0.0,0.0,2,20,2024-07-08,,2025-11-04,
lucid_15,25000,funded_active,funded,2024-09-02,28077.71083725333,28523.319414764275,25100.0,758.9467682262803,5,444.39548594367807,193.5240361230026,6,2,1039.5429491357136,935.5886542221422,70.0,0.0,0.0,2,20,2024-09-06,,2025-10-29,
lucid_16,25000,funded_active,funded,2024-10-01,27759.549277817132,28200.108457934508,25100.0,522.8988588382708,16,131.53341212196756,191.33112554428226,5,2,1029.925207555436,926.9326867998923,70.0,0.0,0.0,2,20,2024-10-22,,2025-11-13,
lucid_1,25000,challenge_failed,evaluation,2021-01-01,24402.160245653595,25495.138844779918,24495.138844779918,349.52074293946134,10,0.0,0.0,0,0,0.0,0.0,70.0,0.0,0.0,2,20,,2021-01-14,,max_loss_limit
lucid_4,25000,challenge_failed,evaluation,2021-04-01,24588.031812467427,25952.905699680185,24952.905699680185,326.5012767671069,33,0.0,0.0,0,0,0.0,0.0,70.0,0.0,0.0,2,20,,2021-05-17,,max_loss_limit
lucid_5,25000,challenge_failed,evaluation,2021-05-03,24275.323257106964,25622.838791086135,24622.838791086135,263.43503000885903,11,0.0,0.0,0,0,0.0,0.0,70.0,0.0,0.0,2,20,,2021-05-17,,max_loss_limit
lucid_7,25000,challenge_failed,evaluation,2021-07-01,23835.562804773817,25000.0,24000.0,243.16542581244357,7,0.0,0.0,0,0,0.0,0.0,70.0,0.0,0.0,2,20,,2021-07-09,,max_loss_limit
lucid_2,25000,funded_closed,funded,2021-02-01,29764.81506052904,30280.456990650717,25100.0,434.32867123579854,10,0.0,0.0,0,6,3202.9313531887547,2882.638217869879,70.0,0.0,0.0,2,20,2021-02-12,2024-02-01,2024-02-01,payout_limit
lucid_3,25000,funded_closed,funded,2021-03-01,29637.061262280284,30137.255421069127,25100.0,330.46247373932783,10,0.0,0.0,0,6,3083.4730134232213,2775.125712080899,70.0,0.0,0.0,2,20,2021-03-12,2024-03-28,2024-03-28,payout_limit
lucid_6,25000,funded_closed,funded,2021-06-01,29731.563532410728,30276.049145656325,25100.0,549.7223368572741,20,0.0,0.0,0,6,3194.9357423446854,2875.4421681102167,70.0,0.0,0.0,2,20,2021-06-28,2024-04-02,2024-04-02,payout_limit
lucid_12,25000,challenge_failed,evaluation,2024-05-01,23980.01677592428,25101.83867486346,24101.83867486346,275.9299957735748,8,0.0,0.0,0,0,0.0,0.0,70.0,0.0,0.0,2,20,,2024-05-10,,max_loss_limit
lucid_10,25000,funded_closed,funded,2024-03-01,24796.943519924847,25821.86974042883,24821.86974042883,635.038959957823,16,-203.05648007515265,267.5413395003561,3,0,0.0,0.0,70.0,0.0,0.0,1,10,2024-03-22,2024-06-13,,max_loss_limit
lucid_8,25000,funded_closed,funded,2021-08-02,29703.507215231868,30207.738904110643,25100.0,706.1181714709383,33,0.0,0.0,0,6,3114.7251553718434,2803.252639834659,70.0,0.0,0.0,2,20,2021-09-15,2024-08-01,2024-08-01,payout_limit
lucid_9,25000,funded_closed,funded,2021-09-01,29636.517034049495,30139.611531553837,25100.0,537.6767822813526,12,0.0,0.0,0,6,3119.233143967076,2807.3098295703685,70.0,0.0,0.0,2,20,2021-09-16,2024-08-01,2024-08-01,payout_limit
