trading_day,event_type,message,account_id,lifecycle_state,amount
2021-01-01,simulation_started,Started Lucid portfolio simulation for 25000,,,
2021-01-01,challenge_purchased,Purchased Lucid challenge lucid_1,lucid_1,challenge_active,70.0
2021-01-14,challenge_failed,Challenge lucid_1 failed at max-loss floor,lucid_1,challenge_failed,
2021-02-01,challenge_purchased,Purchased Lucid challenge lucid_2,lucid_2,challenge_active,70.0
2021-02-12,challenge_passed,Challenge lucid_2 passed evaluation,lucid_2,funded_active,
2021-02-12,funded_started,Funded account lucid_2 activated,lucid_2,funded_active,0.0
2021-03-01,challenge_purchased,Purchased Lucid challenge lucid_3,lucid_3,challenge_active,70.0
2021-03-12,challenge_passed,Challenge lucid_3 passed evaluation,lucid_3,funded_active,
2021-03-12,funded_started,Funded account lucid_3 activated,lucid_3,funded_active,0.0
2021-04-01,challenge_purchased,Purchased Lucid challenge lucid_4,lucid_4,challenge_active,70.0
2021-05-03,challenge_purchased,Purchased Lucid challenge lucid_5,lucid_5,challenge_active,70.0
2021-05-17,challenge_failed,Challenge lucid_4 failed at max-loss floor,lucid_4,challenge_failed,
2021-05-17,challenge_failed,Challenge lucid_5 failed at max-loss floor,lucid_5,challenge_failed,
2021-06-01,challenge_purchased,Purchased Lucid challenge lucid_6,lucid_6,challenge_active,70.0
2021-06-28,challenge_passed,Challenge lucid_6 passed evaluation,lucid_6,funded_active,
2021-06-28,funded_started,Funded account lucid_6 activated,lucid_6,funded_active,0.0
2021-07-01,challenge_purchased,Purchased Lucid challenge lucid_7,lucid_7,challenge_active,70.0
2021-07-09,challenge_failed,Challenge lucid_7 failed at max-loss floor,lucid_7,challenge_failed,
2021-08-02,challenge_purchased,Purchased Lucid challenge lucid_8,lucid_8,challenge_active,70.0
2021-09-01,challenge_purchased,Purchased Lucid challenge lucid_9,lucid_9,challenge_active,70.0
2021-09-15,challenge_passed,Challenge lucid_8 passed evaluation,lucid_8,funded_active,
2021-09-15,funded_started,Funded account lucid_8 activated,lucid_8,funded_active,0.0
2021-09-16,challenge_passed,Challenge lucid_9 passed evaluation,lucid_9,funded_active,
2021-09-16,funded_started,Funded account lucid_9 activated,lucid_9,funded_active,0.0
2021-10-01,purchase_skipped,Skipped month-start challenge purchase due to funded/challenge slot cap,,,
2021-11-01,purchase_skipped,Skipped month-start challenge purchase due to funded/challenge slot cap,,,
2021-12-01,purchase_skipped,Skipped month-start challenge purchase due to funded/challenge slot cap,,,
2022-01-03,purchase_skipped,Skipped month-start challenge purchase due to funded/challenge slot cap,,,
2022-02-01,purchase_skipped,Skipped month-start challenge purchase due to funded/challenge slot cap,,,
2022-03-01,purchase_skipped,Skipped month-start challenge purchase due to funded/challenge slot cap,,,
2022-03-14,payout_requested,Account lucid_2 requested payout of 538.12,lucid_2,funded_active,538.1162926597171
2022-03-29,payout_requested,Account lucid_3 requested payout of 546.41,lucid_3,funded_active,546.4117511429358
2022-03-31,payout_requested,Account lucid_6 requested payout of 563.37,lucid_6,funded_active,563.3722099339575
2022-04-01,purchase_skipped,Skipped month-start challenge purchase due to funded/challenge slot cap,,,
2022-05-02,purchase_skipped,Skipped month-start challenge purchase due to funded/challenge slot cap,,,
2022-05-13,payout_requested,Account lucid_2 requested payout of 507.60,lucid_2,funded_active,507.6031200785328
2022-05-16,payout_requested,Account lucid_8 requested payout of 511.22,lucid_8,funded_active,511.2179401399735
2022-05-24,payout_requested,Account lucid_9 requested payout of 582.72,lucid_9,funded_active,582.7161099175828
2022-06-01,purchase_skipped,Skipped month-start challenge purchase due to funded/challenge slot cap,,,
2022-06-07,payout_requested,Account lucid_3 requested payout of 505.19,lucid_3,funded_active,505.19295707660785
2022-06-10,payout_requested,Account lucid_6 requested payout of 563.41,lucid_6,funded_active,563.413109442623
2022-07-01,purchase_skipped,Skipped month-start challenge purchase due to funded/challenge slot cap,,,
2022-08-01,purchase_skipped,Skipped month-start challenge purchase due to funded/challenge slot cap,,,
2022-09-01,purchase_skipped,Skipped month-start challenge purchase due to funded/challenge slot cap,,,
2022-09-28,payout_requested,Account lucid_2 requested payout of 595.80,lucid_2,funded_active,595.8015851081309
2022-09-28,payout_requested,Account lucid_8 requested payout of 567.53,lucid_8,funded_active,567.5323899476352
2022-09-28,payout_requested,Account lucid_9 requested payout of 505.13,lucid_9,funded_active,505.13393328587335
2022-10-03,purchase_skipped,Skipped month-start challenge purchase due to funded/challenge slot cap,,,
2022-11-01,purchase_skipped,Skipped month-start challenge purchase due to funded/challenge slot cap,,,
2022-11-03,payout_requested,Account lucid_3 requested payout of 507.76,lucid_3,funded_active,507.7627707257798
2022-11-18,payout_requested,Account lucid_6 requested payout of 515.03,lucid_6,funded_active,515.0307412769398
2022-12-01,purchase_skipped,Skipped month-start challenge purchase due to funded/challenge slot cap,,,
2023-01-02,purchase_skipped,Skipped month-start challenge purchase due to funded/challenge slot cap,,,
2023-01-09,payout_requested,Account lucid_2 requested payout of 515.26,lucid_2,funded_active,515.2559360804971
2023-01-09,payout_requested,Account lucid_8 requested payout of 505.47,lucid_8,funded_active,505.46593397635297
2023-01-09,payout_requested,Account lucid_9 requested payout of 504.33,lucid_9,funded_active,504.32595901469904
2023-02-01,purchase_skipped,Skipped month-start challenge purchase due to funded/challenge slot cap,,,
2023-03-01,purchase_skipped,Skipped month-start challenge purchase due to funded/challenge slot cap,,,
2023-04-03,purchase_skipped,Skipped month-start challenge purchase due to funded/challenge slot cap,,,
2023-05-01,purchase_skipped,Skipped month-start challenge purchase due to funded/challenge slot cap,,,
2023-06-01,purchase_skipped,Skipped month-start challenge purchase due to funded/challenge slot cap,,,
2023-06-05,payout_requested,Account lucid_3 requested payout of 501.20,lucid_3,funded_active,501.1972049534561
2023-07-03,purchase_skipped,Skipped month-start challenge purchase due to funded/challenge slot cap,,,
2023-08-01,purchase_skipped,Skipped month-start challenge purchase due to funded/challenge slot cap,,,
2023-08-15,payout_requested,Account lucid_6 requested payout of 506.06,lucid_6,funded_active,506.064201072928
2023-09-01,purchase_skipped,Skipped month-start challenge purchase due to funded/challenge slot cap,,,
2023-10-02,purchase_skipped,Skipped month-start challenge purchase due to funded/challenge slot cap,,,
2023-11-01,purchase_skipped,Skipped month-start challenge purchase due to funded/challenge slot cap,,,
2023-12-01,purchase_skipped,Skipped month-start challenge purchase due to funded/challenge slot cap,,,
2023-12-04,payout_requested,Account lucid_2 requested payout of 530.51,lucid_2,funded_active,530.5124891401992
2023-12-04,payout_requested,Account lucid_8 requested payout of 520.43,lucid_8,funded_active,520.432608402738
2023-12-04,payout_requested,Account lucid_9 requested payout of 519.26,lucid_9,funded_active,519.2588791700982
2023-12-15,payout_requested,Account lucid_3 requested payout of 522.71,lucid_3,funded_active,522.7141707355986
2023-12-22,payout_requested,Account lucid_6 requested payout of 502.57,lucid_6,funded_active,502.56986737264015
2024-01-01,purchase_skipped,Skipped month-start challenge purchase due to funded/challenge slot cap,,,
2024-02-01,purchase_skipped,Skipped month-start challenge purchase due to funded/challenge slot cap,,,
2024-02-01,payout_requested,Account lucid_2 requested payout of 515.64,lucid_2,funded_closed,515.6419301216774
2024-02-01,funded_closed,Funded account lucid_2 closed after max payouts,lucid_2,funded_closed,
2024-02-01,payout_requested,Account lucid_8 requested payout of 505.84,lucid_8,funded_active,505.8445940263682
2024-02-01,payout_requested,Account lucid_9 requested payout of 504.70,lucid_9,funded_active,504.7037650744787
2024-03-01,challenge_purchased,Purchased Lucid challenge lucid_10,lucid_10,challenge_active,70.0
2024-03-22,challenge_passed,Challenge lucid_10 passed evaluation,lucid_10,funded_active,
2024-03-22,funded_started,Funded account lucid_10 activated,lucid_10,funded_active,0.0
2024-03-28,payout_requested,Account lucid_3 requested payout of 500.19,lucid_3,funded_closed,500.1941587888432
2024-03-28,funded_closed,Funded account lucid_3 closed after max payouts,lucid_3,funded_closed,
2024-04-01,challenge_purchased,Purchased Lucid challenge lucid_11,lucid_11,challenge_active,70.0
2024-04-02,payout_requested,Account lucid_6 requested payout of 544.49,lucid_6,funded_closed,544.485613245597
2024-04-02,funded_closed,Funded account lucid_6 closed after max payouts,lucid_6,funded_closed,
2024-04-15,challenge_passed,Challenge lucid_11 passed evaluation,lucid_11,funded_active,
2024-04-15,funded_started,Funded account lucid_11 activated,lucid_11,funded_active,0.0
2024-05-01,challenge_purchased,Purchased Lucid challenge lucid_12,lucid_12,challenge_active,70.0
2024-05-10,challenge_failed,Challenge lucid_12 failed at max-loss floor,lucid_12,challenge_failed,
2024-06-03,challenge_purchased,Purchased Lucid challenge lucid_13,lucid_13,challenge_active,70.0
2024-06-13,funded_closed,Funded account lucid_10 closed from drawdown breach,lucid_10,funded_closed,
2024-07-01,challenge_purchased,Purchased Lucid challenge lucid_14,lucid_14,challenge_active,70.0
2024-07-08,challenge_passed,Challenge lucid_13 passed evaluation,lucid_13,funded_active,
2024-07-08,funded_started,Funded account lucid_13 activated,lucid_13,funded_active,0.0
2024-07-08,challenge_passed,Challenge lucid_14 passed evaluation,lucid_14,funded_active,
2024-07-08,funded_started,Funded account lucid_14 activated,lucid_14,funded_active,0.0
2024-08-01,purchase_skipped,Skipped month-start challenge purchase due to funded/challenge slot cap,,,
2024-08-01,payout_requested,Account lucid_8 requested payout of 504.23,lucid_8,funded_closed,504.23168887877546
2024-08-01,funded_closed,Funded account lucid_8 closed after max payouts,lucid_8,funded_closed,
2024-08-01,payout_requested,Account lucid_9 requested payout of 503.09,lucid_9,funded_closed,503.09449750434396
2024-08-01,funded_closed,Funded account lucid_9 closed after max payouts,lucid_9,funded_closed,
2024-09-02,challenge_purchased,Purchased Lucid challenge lucid_15,lucid_15,challenge_active,70.0
2024-09-06,challenge_passed,Challenge lucid_15 passed evaluation,lucid_15,funded_active,
2024-09-06,funded_started,Funded account lucid_15 activated,lucid_15,funded_active,0.0
2024-10-01,challenge_purchased,Purchased Lucid challenge lucid_16,lucid_16,challenge_active,70.0
2024-10-22,challenge_passed,Challenge lucid_16 passed evaluation,lucid_16,funded_active,
2024-10-22,funded_started,Funded account lucid_16 activated,lucid_16,funded_active,0.0
2024-11-01,purchase_skipped,Skipped month-start challenge purchase due to funded/challenge slot cap,,,
2024-12-02,purchase_skipped,Skipped month-start challenge purchase due to funded/challenge slot cap,,,
2025-01-01,purchase_skipped,Skipped month-start challenge purchase due to funded/challenge slot cap,,,
2025-02-03,purchase_skipped,Skipped month-start challenge purchase due to funded/challenge slot cap,,,
2025-02-18,payout_requested,Account lucid_13 requested payout of 585.12,lucid_13,funded_active,585.1187478667598
2025-02-18,payout_requested,Account lucid_14 requested payout of 585.12,lucid_14,funded_active,585.1187478667598
2025-03-03,purchase_skipped,Skipped month-start challenge purchase due to funded/challenge slot cap,,,
2025-03-19,payout_requested,Account lucid_11 requested payout of 596.81,lucid_11,funded_active,596.8080485796127
2025-03-25,payout_requested,Account lucid_15 requested payout of 506.23,lucid_15,funded_active,506.22759782606227
2025-04-01,purchase_skipped,Skipped month-start challenge purchase due to funded/challenge slot cap,,,
2025-04-04,payout_requested,Account lucid_13 requested payout of 558.91,lucid_13,funded_active,558.9104838584117
2025-04-04,payout_requested,Account lucid_14 requested payout of 558.91,lucid_14,funded_active,558.9104838584117
2025-04-16,payout_requested,Account lucid_16 requested payout of 501.91,lucid_16,funded_active,501.9093418602715
2025-05-01,purchase_skipped,Skipped month-start challenge purchase due to funded/challenge slot cap,,,
2025-06-02,purchase_skipped,Skipped month-start challenge purchase due to funded/challenge slot cap,,,
2025-06-02,payout_requested,Account lucid_11 requested payout of 510.69,lucid_11,funded_active,510.6938795378355
2025-07-01,purchase_skipped,Skipped month-start challenge purchase due to funded/challenge slot cap,,,
2025-08-01,purchase_skipped,Skipped month-start challenge purchase due to funded/challenge slot cap,,,
2025-09-01,purchase_skipped,Skipped month-start challenge purchase due to funded/challenge slot cap,,,
2025-10-01,purchase_skipped,Skipped month-start challenge purchase due to funded/challenge slot cap,,,
2025-10-29,payout_requested,Account lucid_15 requested payout of 533.32,lucid_15,funded_active,533.3153513096513
2025-11-03,purchase_skipped,Skipped month-start challenge purchase due to funded/challenge slot cap,,,
2025-11-04,payout_requested,Account lucid_13 requested payout of 508.43,lucid_13,funded_active,508.4322339648279
2025-11-04,payout_requested,Account lucid_14 requested payout of 508.43,lucid_14,funded_active,508.4322339648279
2025-11-13,payout_requested,Account lucid_16 requested payout of 528.02,lucid_16,funded_active,528.0158656951644
2025-11-17,payout_requested,Account lucid_11 requested payout of 514.11,lucid_11,funded_active,514.1137430979161
2025-12-01,purchase_skipped,Skipped month-start challenge purchase due to funded/challenge slot cap,,,
2025-12-31,simulation_completed,Completed Lucid portfolio simulation for 25000,,,19320.174650823883
