feature_name,feature_type,objective_metric,param_combo,param_combo_label,observed_metric,p_value,passed,alpha,n_reps,critical_value
signal,signed_signal,t_stat,"filter_module_atr_percentile_filter_filter_params_{'atr_period': 10, 'lookback': 126, 'max_rank_fraction': 0.3, 'rank_metric': 'atr_pct'}_signal_module_rsi_signal_signal_params_{'rsi_period': 2, 'oversold': 25.0, 'overbought': 75.0, 'strategy_mode': 'long', 'exit_policy': 'threshold_or_bars', 'exit_bars': 10}",complex_spec · id_48f3ecce2acd,3.1768759534019564,0.1782178217821782,False,0.1,100,3.4050973238007343
signal,signed_signal,t_stat,"filter_module_atr_percentile_filter_filter_params_{'atr_period': 10, 'lookback': 126, 'max_rank_fraction': 0.4, 'rank_metric': 'atr_pct'}_signal_module_rsi_signal_signal_params_{'rsi_period': 2, 'oversold': 25.0, 'overbought': 75.0, 'strategy_mode': 'long', 'exit_policy': 'threshold_or_bars', 'exit_bars': 10}",complex_spec · id_44b27d51b67b,3.9805721596844155,0.04950495049504951,True,0.1,100,3.3282950801325084
signal,signed_signal,t_stat,"filter_module_atr_percentile_filter_filter_params_{'atr_period': 10, 'lookback': 126, 'max_rank_fraction': 0.5, 'rank_metric': 'atr_pct'}_signal_module_rsi_signal_signal_params_{'rsi_period': 2, 'oversold': 25.0, 'overbought': 75.0, 'strategy_mode': 'long', 'exit_policy': 'threshold_or_bars', 'exit_bars': 10}",complex_spec · id_8ed632f4937d,4.4286957652688335,0.039603960396039604,True,0.1,100,3.903191250211365
signal,signed_signal,t_stat,"filter_module_atr_percentile_filter_filter_params_{'atr_period': 10, 'lookback': 126, 'max_rank_fraction': 0.6, 'rank_metric': 'atr_pct'}_signal_module_rsi_signal_signal_params_{'rsi_period': 2, 'oversold': 25.0, 'overbought': 75.0, 'strategy_mode': 'long', 'exit_policy': 'threshold_or_bars', 'exit_bars': 10}",complex_spec · id_d15bf75e34b2,4.206217934463019,0.1485148514851485,False,0.1,100,4.230794766973099
signal,signed_signal,t_stat,"filter_module_atr_percentile_filter_filter_params_{'atr_period': 10, 'lookback': 126, 'max_rank_fraction': 0.7, 'rank_metric': 'atr_pct'}_signal_module_rsi_signal_signal_params_{'rsi_period': 2, 'oversold': 25.0, 'overbought': 75.0, 'strategy_mode': 'long', 'exit_policy': 'threshold_or_bars', 'exit_bars': 10}",complex_spec · id_906c5671e50e,4.088818052090013,0.16831683168316833,False,0.1,100,4.319900559684607
signal,signed_signal,t_stat,"filter_module_atr_percentile_filter_filter_params_{'atr_period': 10, 'lookback': 252, 'max_rank_fraction': 0.3, 'rank_metric': 'atr_pct'}_signal_module_rsi_signal_signal_params_{'rsi_period': 2, 'oversold': 25.0, 'overbought': 75.0, 'strategy_mode': 'long', 'exit_policy': 'threshold_or_bars', 'exit_bars': 10}",complex_spec · id_9af841cf813f,4.1876562899546546,0.039603960396039604,True,0.1,100,3.486236428234219
signal,signed_signal,t_stat,"filter_module_atr_percentile_filter_filter_params_{'atr_period': 10, 'lookback': 252, 'max_rank_fraction': 0.4, 'rank_metric': 'atr_pct'}_signal_module_rsi_signal_signal_params_{'rsi_period': 2, 'oversold': 25.0, 'overbought': 75.0, 'strategy_mode': 'long', 'exit_policy': 'threshold_or_bars', 'exit_bars': 10}",complex_spec · id_e5ac0b574384,5.19678452750628,0.009900990099009901,True,0.1,100,3.643468982246863
signal,signed_signal,t_stat,"filter_module_atr_percentile_filter_filter_params_{'atr_period': 10, 'lookback': 252, 'max_rank_fraction': 0.5, 'rank_metric': 'atr_pct'}_signal_module_rsi_signal_signal_params_{'rsi_period': 2, 'oversold': 25.0, 'overbought': 75.0, 'strategy_mode': 'long', 'exit_policy': 'threshold_or_bars', 'exit_bars': 10}",complex_spec · id_4a007935bd6e,5.100449419890669,0.009900990099009901,True,0.1,100,3.9008254205411492
signal,signed_signal,t_stat,"filter_module_atr_percentile_filter_filter_params_{'atr_period': 10, 'lookback': 252, 'max_rank_fraction': 0.6, 'rank_metric': 'atr_pct'}_signal_module_rsi_signal_signal_params_{'rsi_period': 2, 'oversold': 25.0, 'overbought': 75.0, 'strategy_mode': 'long', 'exit_policy': 'threshold_or_bars', 'exit_bars': 10}",complex_spec · id_518c55f473e0,4.735167889269681,0.039603960396039604,True,0.1,100,4.122549219702948
signal,signed_signal,t_stat,"filter_module_atr_percentile_filter_filter_params_{'atr_period': 10, 'lookback': 252, 'max_rank_fraction': 0.7, 'rank_metric': 'atr_pct'}_signal_module_rsi_signal_signal_params_{'rsi_period': 2, 'oversold': 25.0, 'overbought': 75.0, 'strategy_mode': 'long', 'exit_policy': 'threshold_or_bars', 'exit_bars': 10}",complex_spec · id_46cc7940f8a8,4.635804587835395,0.0594059405940594,True,0.1,100,4.1161576838419816
signal,signed_signal,t_stat,"filter_module_atr_percentile_filter_filter_params_{'atr_period': 10, 'lookback': 31, 'max_rank_fraction': 0.3, 'rank_metric': 'atr_pct'}_signal_module_rsi_signal_signal_params_{'rsi_period': 2, 'oversold': 25.0, 'overbought': 75.0, 'strategy_mode': 'long', 'exit_policy': 'threshold_or_bars', 'exit_bars': 10}",complex_spec · id_6c617090dc68,2.8266129146379972,0.297029702970297,False,0.1,100,3.320233033929781
signal,signed_signal,t_stat,"filter_module_atr_percentile_filter_filter_params_{'atr_period': 10, 'lookback': 31, 'max_rank_fraction': 0.4, 'rank_metric': 'atr_pct'}_signal_module_rsi_signal_signal_params_{'rsi_period': 2, 'oversold': 25.0, 'overbought': 75.0, 'strategy_mode': 'long', 'exit_policy': 'threshold_or_bars', 'exit_bars': 10}",complex_spec · id_dadff57ba265,3.2552399303852178,0.22772277227722773,False,0.1,100,3.7142406494960842
signal,signed_signal,t_stat,"filter_module_atr_percentile_filter_filter_params_{'atr_period': 10, 'lookback': 31, 'max_rank_fraction': 0.5, 'rank_metric': 'atr_pct'}_signal_module_rsi_signal_signal_params_{'rsi_period': 2, 'oversold': 25.0, 'overbought': 75.0, 'strategy_mode': 'long', 'exit_policy': 'threshold_or_bars', 'exit_bars': 10}",complex_spec · id_a5850d082bb4,3.718391655092995,0.16831683168316833,False,0.1,100,3.922588023336026
signal,signed_signal,t_stat,"filter_module_atr_percentile_filter_filter_params_{'atr_period': 10, 'lookback': 31, 'max_rank_fraction': 0.6, 'rank_metric': 'atr_pct'}_signal_module_rsi_signal_signal_params_{'rsi_period': 2, 'oversold': 25.0, 'overbought': 75.0, 'strategy_mode': 'long', 'exit_policy': 'threshold_or_bars', 'exit_bars': 10}",complex_spec · id_d4939a64067f,4.742107667839747,0.039603960396039604,True,0.1,100,4.0631139889006835
signal,signed_signal,t_stat,"filter_module_atr_percentile_filter_filter_params_{'atr_period': 10, 'lookback': 31, 'max_rank_fraction': 0.7, 'rank_metric': 'atr_pct'}_signal_module_rsi_signal_signal_params_{'rsi_period': 2, 'oversold': 25.0, 'overbought': 75.0, 'strategy_mode': 'long', 'exit_policy': 'threshold_or_bars', 'exit_bars': 10}",complex_spec · id_f876471fdabd,5.05988808586233,0.0297029702970297,True,0.1,100,4.144950229806347
signal,signed_signal,t_stat,"filter_module_atr_percentile_filter_filter_params_{'atr_period': 10, 'lookback': 63, 'max_rank_fraction': 0.3, 'rank_metric': 'atr_pct'}_signal_module_rsi_signal_signal_params_{'rsi_period': 2, 'oversold': 25.0, 'overbought': 75.0, 'strategy_mode': 'long', 'exit_policy': 'threshold_or_bars', 'exit_bars': 10}",complex_spec · id_f17058c6e8af,3.529605694493509,0.07920792079207921,True,0.1,100,3.3995632541635232
signal,signed_signal,t_stat,"filter_module_atr_percentile_filter_filter_params_{'atr_period': 10, 'lookback': 63, 'max_rank_fraction': 0.4, 'rank_metric': 'atr_pct'}_signal_module_rsi_signal_signal_params_{'rsi_period': 2, 'oversold': 25.0, 'overbought': 75.0, 'strategy_mode': 'long', 'exit_policy': 'threshold_or_bars', 'exit_bars': 10}",complex_spec · id_4ab5fa7d4bea,4.0226067360813,0.06930693069306931,True,0.1,100,3.749556911659053
signal,signed_signal,t_stat,"filter_module_atr_percentile_filter_filter_params_{'atr_period': 10, 'lookback': 63, 'max_rank_fraction': 0.5, 'rank_metric': 'atr_pct'}_signal_module_rsi_signal_signal_params_{'rsi_period': 2, 'oversold': 25.0, 'overbought': 75.0, 'strategy_mode': 'long', 'exit_policy': 'threshold_or_bars', 'exit_bars': 10}",complex_spec · id_8478c9efff53,4.407087541193817,0.07920792079207921,True,0.1,100,3.8258418900234004
signal,signed_signal,t_stat,"filter_module_atr_percentile_filter_filter_params_{'atr_period': 10, 'lookback': 63, 'max_rank_fraction': 0.6, 'rank_metric': 'atr_pct'}_signal_module_rsi_signal_signal_params_{'rsi_period': 2, 'oversold': 25.0, 'overbought': 75.0, 'strategy_mode': 'long', 'exit_policy': 'threshold_or_bars', 'exit_bars': 10}",complex_spec · id_69a02866eb56,4.837768173330575,0.039603960396039604,True,0.1,100,4.174487269026122
signal,signed_signal,t_stat,"filter_module_atr_percentile_filter_filter_params_{'atr_period': 10, 'lookback': 63, 'max_rank_fraction': 0.7, 'rank_metric': 'atr_pct'}_signal_module_rsi_signal_signal_params_{'rsi_period': 2, 'oversold': 25.0, 'overbought': 75.0, 'strategy_mode': 'long', 'exit_policy': 'threshold_or_bars', 'exit_bars': 10}",complex_spec · id_cdd7ae8a7a98,5.053539844712145,0.019801980198019802,True,0.1,100,4.414213533461777
signal,signed_signal,t_stat,"filter_module_atr_percentile_filter_filter_params_{'atr_period': 100, 'lookback': 126, 'max_rank_fraction': 0.3, 'rank_metric': 'atr_pct'}_signal_module_rsi_signal_signal_params_{'rsi_period': 2, 'oversold': 25.0, 'overbought': 75.0, 'strategy_mode': 'long', 'exit_policy': 'threshold_or_bars', 'exit_bars': 10}",complex_spec · id_e683910e1694,4.5226973100150705,0.019801980198019802,True,0.1,100,3.5499089796255467
signal,signed_signal,t_stat,"filter_module_atr_percentile_filter_filter_params_{'atr_period': 100, 'lookback': 126, 'max_rank_fraction': 0.4, 'rank_metric': 'atr_pct'}_signal_module_rsi_signal_signal_params_{'rsi_period': 2, 'oversold': 25.0, 'overbought': 75.0, 'strategy_mode': 'long', 'exit_policy': 'threshold_or_bars', 'exit_bars': 10}",complex_spec · id_4846aa5ad5b9,4.444973178557902,0.019801980198019802,True,0.1,100,3.7637476205618166
signal,signed_signal,t_stat,"filter_module_atr_percentile_filter_filter_params_{'atr_period': 100, 'lookback': 126, 'max_rank_fraction': 0.5, 'rank_metric': 'atr_pct'}_signal_module_rsi_signal_signal_params_{'rsi_period': 2, 'oversold': 25.0, 'overbought': 75.0, 'strategy_mode': 'long', 'exit_policy': 'threshold_or_bars', 'exit_bars': 10}",complex_spec · id_47aa08dcad63,5.151460895913633,0.019801980198019802,True,0.1,100,3.9815421697233675
signal,signed_signal,t_stat,"filter_module_atr_percentile_filter_filter_params_{'atr_period': 100, 'lookback': 126, 'max_rank_fraction': 0.6, 'rank_metric': 'atr_pct'}_signal_module_rsi_signal_signal_params_{'rsi_period': 2, 'oversold': 25.0, 'overbought': 75.0, 'strategy_mode': 'long', 'exit_policy': 'threshold_or_bars', 'exit_bars': 10}",complex_spec · id_e2f63c3322b0,4.982402526995511,0.019801980198019802,True,0.1,100,4.103727461491093
signal,signed_signal,t_stat,"filter_module_atr_percentile_filter_filter_params_{'atr_period': 100, 'lookback': 126, 'max_rank_fraction': 0.7, 'rank_metric': 'atr_pct'}_signal_module_rsi_signal_signal_params_{'rsi_period': 2, 'oversold': 25.0, 'overbought': 75.0, 'strategy_mode': 'long', 'exit_policy': 'threshold_or_bars', 'exit_bars': 10}",complex_spec · id_3854d69ad3d7,5.7146497321900105,0.009900990099009901,True,0.1,100,4.127133474370191
signal,signed_signal,t_stat,"filter_module_atr_percentile_filter_filter_params_{'atr_period': 100, 'lookback': 252, 'max_rank_fraction': 0.3, 'rank_metric': 'atr_pct'}_signal_module_rsi_signal_signal_params_{'rsi_period': 2, 'oversold': 25.0, 'overbought': 75.0, 'strategy_mode': 'long', 'exit_policy': 'threshold_or_bars', 'exit_bars': 10}",complex_spec · id_817981d001fe,4.274522787443281,0.0594059405940594,True,0.1,100,3.8893986687521886
signal,signed_signal,t_stat,"filter_module_atr_percentile_filter_filter_params_{'atr_period': 100, 'lookback': 252, 'max_rank_fraction': 0.4, 'rank_metric': 'atr_pct'}_signal_module_rsi_signal_signal_params_{'rsi_period': 2, 'oversold': 25.0, 'overbought': 75.0, 'strategy_mode': 'long', 'exit_policy': 'threshold_or_bars', 'exit_bars': 10}",complex_spec · id_e5d36d4dabd3,5.193990758453204,0.0297029702970297,True,0.1,100,3.8645246031393463
signal,signed_signal,t_stat,"filter_module_atr_percentile_filter_filter_params_{'atr_period': 100, 'lookback': 252, 'max_rank_fraction': 0.5, 'rank_metric': 'atr_pct'}_signal_module_rsi_signal_signal_params_{'rsi_period': 2, 'oversold': 25.0, 'overbought': 75.0, 'strategy_mode': 'long', 'exit_policy': 'threshold_or_bars', 'exit_bars': 10}",complex_spec · id_55d6a3eb1784,4.758114967646898,0.0297029702970297,True,0.1,100,4.089036739474892
signal,signed_signal,t_stat,"filter_module_atr_percentile_filter_filter_params_{'atr_period': 100, 'lookback': 252, 'max_rank_fraction': 0.6, 'rank_metric': 'atr_pct'}_signal_module_rsi_signal_signal_params_{'rsi_period': 2, 'oversold': 25.0, 'overbought': 75.0, 'strategy_mode': 'long', 'exit_policy': 'threshold_or_bars', 'exit_bars': 10}",complex_spec · id_158ec2182781,5.183769457661012,0.009900990099009901,True,0.1,100,4.121765769662273
signal,signed_signal,t_stat,"filter_module_atr_percentile_filter_filter_params_{'atr_period': 100, 'lookback': 252, 'max_rank_fraction': 0.7, 'rank_metric': 'atr_pct'}_signal_module_rsi_signal_signal_params_{'rsi_period': 2, 'oversold': 25.0, 'overbought': 75.0, 'strategy_mode': 'long', 'exit_policy': 'threshold_or_bars', 'exit_bars': 10}",complex_spec · id_8f0f9390ebbf,5.452138790871695,0.009900990099009901,True,0.1,100,4.1924123358952805
signal,signed_signal,t_stat,"filter_module_atr_percentile_filter_filter_params_{'atr_period': 100, 'lookback': 31, 'max_rank_fraction': 0.3, 'rank_metric': 'atr_pct'}_signal_module_rsi_signal_signal_params_{'rsi_period': 2, 'oversold': 25.0, 'overbought': 75.0, 'strategy_mode': 'long', 'exit_policy': 'threshold_or_bars', 'exit_bars': 10}",complex_spec · id_784546ac40dc,3.9519058270105756,0.04950495049504951,True,0.1,100,3.5267954927836964
signal,signed_signal,t_stat,"filter_module_atr_percentile_filter_filter_params_{'atr_period': 100, 'lookback': 31, 'max_rank_fraction': 0.4, 'rank_metric': 'atr_pct'}_signal_module_rsi_signal_signal_params_{'rsi_period': 2, 'oversold': 25.0, 'overbought': 75.0, 'strategy_mode': 'long', 'exit_policy': 'threshold_or_bars', 'exit_bars': 10}",complex_spec · id_012713bbe3a5,4.31886705008086,0.0297029702970297,True,0.1,100,3.6245632732158675
signal,signed_signal,t_stat,"filter_module_atr_percentile_filter_filter_params_{'atr_period': 100, 'lookback': 31, 'max_rank_fraction': 0.5, 'rank_metric': 'atr_pct'}_signal_module_rsi_signal_signal_params_{'rsi_period': 2, 'oversold': 25.0, 'overbought': 75.0, 'strategy_mode': 'long', 'exit_policy': 'threshold_or_bars', 'exit_bars': 10}",complex_spec · id_4ff845e3975e,4.653870053344459,0.019801980198019802,True,0.1,100,3.8839522188108697
signal,signed_signal,t_stat,"filter_module_atr_percentile_filter_filter_params_{'atr_period': 100, 'lookback': 31, 'max_rank_fraction': 0.6, 'rank_metric': 'atr_pct'}_signal_module_rsi_signal_signal_params_{'rsi_period': 2, 'oversold': 25.0, 'overbought': 75.0, 'strategy_mode': 'long', 'exit_policy': 'threshold_or_bars', 'exit_bars': 10}",complex_spec · id_bdc06742b5c6,4.876612998487629,0.019801980198019802,True,0.1,100,4.100369469690724
signal,signed_signal,t_stat,"filter_module_atr_percentile_filter_filter_params_{'atr_period': 100, 'lookback': 31, 'max_rank_fraction': 0.7, 'rank_metric': 'atr_pct'}_signal_module_rsi_signal_signal_params_{'rsi_period': 2, 'oversold': 25.0, 'overbought': 75.0, 'strategy_mode': 'long', 'exit_policy': 'threshold_or_bars', 'exit_bars': 10}",complex_spec · id_f10f698534b1,4.820666227304861,0.019801980198019802,True,0.1,100,4.187220078036969
signal,signed_signal,t_stat,"filter_module_atr_percentile_filter_filter_params_{'atr_period': 100, 'lookback': 63, 'max_rank_fraction': 0.3, 'rank_metric': 'atr_pct'}_signal_module_rsi_signal_signal_params_{'rsi_period': 2, 'oversold': 25.0, 'overbought': 75.0, 'strategy_mode': 'long', 'exit_policy': 'threshold_or_bars', 'exit_bars': 10}",complex_spec · id_fbe5e809d7fb,4.9759049966271025,0.009900990099009901,True,0.1,100,3.7106251386119675
signal,signed_signal,t_stat,"filter_module_atr_percentile_filter_filter_params_{'atr_period': 100, 'lookback': 63, 'max_rank_fraction': 0.4, 'rank_metric': 'atr_pct'}_signal_module_rsi_signal_signal_params_{'rsi_period': 2, 'oversold': 25.0, 'overbought': 75.0, 'strategy_mode': 'long', 'exit_policy': 'threshold_or_bars', 'exit_bars': 10}",complex_spec · id_59b64d70930c,4.883048013504909,0.009900990099009901,True,0.1,100,3.7484077196671928
signal,signed_signal,t_stat,"filter_module_atr_percentile_filter_filter_params_{'atr_period': 100, 'lookback': 63, 'max_rank_fraction': 0.5, 'rank_metric': 'atr_pct'}_signal_module_rsi_signal_signal_params_{'rsi_period': 2, 'oversold': 25.0, 'overbought': 75.0, 'strategy_mode': 'long', 'exit_policy': 'threshold_or_bars', 'exit_bars': 10}",complex_spec · id_8dd97a4008b3,4.8718547577998494,0.019801980198019802,True,0.1,100,3.783958356113083
signal,signed_signal,t_stat,"filter_module_atr_percentile_filter_filter_params_{'atr_period': 100, 'lookback': 63, 'max_rank_fraction': 0.6, 'rank_metric': 'atr_pct'}_signal_module_rsi_signal_signal_params_{'rsi_period': 2, 'oversold': 25.0, 'overbought': 75.0, 'strategy_mode': 'long', 'exit_policy': 'threshold_or_bars', 'exit_bars': 10}",complex_spec · id_5eaace5e354c,4.572660374345687,0.019801980198019802,True,0.1,100,3.892116176903475
signal,signed_signal,t_stat,"filter_module_atr_percentile_filter_filter_params_{'atr_period': 100, 'lookback': 63, 'max_rank_fraction': 0.7, 'rank_metric': 'atr_pct'}_signal_module_rsi_signal_signal_params_{'rsi_period': 2, 'oversold': 25.0, 'overbought': 75.0, 'strategy_mode': 'long', 'exit_policy': 'threshold_or_bars', 'exit_bars': 10}",complex_spec · id_174aa39d92d5,4.226193198084321,0.06930693069306931,True,0.1,100,4.063067558455653
signal,signed_signal,t_stat,"filter_module_atr_percentile_filter_filter_params_{'atr_period': 21, 'lookback': 126, 'max_rank_fraction': 0.3, 'rank_metric': 'atr_pct'}_signal_module_rsi_signal_signal_params_{'rsi_period': 2, 'oversold': 25.0, 'overbought': 75.0, 'strategy_mode': 'long', 'exit_policy': 'threshold_or_bars', 'exit_bars': 10}",complex_spec · id_ef9760d47627,3.633258074748501,0.06930693069306931,True,0.1,100,3.4532603983067647
signal,signed_signal,t_stat,"filter_module_atr_percentile_filter_filter_params_{'atr_period': 21, 'lookback': 126, 'max_rank_fraction': 0.4, 'rank_metric': 'atr_pct'}_signal_module_rsi_signal_signal_params_{'rsi_period': 2, 'oversold': 25.0, 'overbought': 75.0, 'strategy_mode': 'long', 'exit_policy': 'threshold_or_bars', 'exit_bars': 10}",complex_spec · id_6c981c00eb0f,4.058578253282809,0.06930693069306931,True,0.1,100,3.876068999002357
signal,signed_signal,t_stat,"filter_module_atr_percentile_filter_filter_params_{'atr_period': 21, 'lookback': 126, 'max_rank_fraction': 0.5, 'rank_metric': 'atr_pct'}_signal_module_rsi_signal_signal_params_{'rsi_period': 2, 'oversold': 25.0, 'overbought': 75.0, 'strategy_mode': 'long', 'exit_policy': 'threshold_or_bars', 'exit_bars': 10}",complex_spec · id_499f461b3b84,4.1751226840564035,0.0891089108910891,True,0.1,100,3.9994453663764014
signal,signed_signal,t_stat,"filter_module_atr_percentile_filter_filter_params_{'atr_period': 21, 'lookback': 126, 'max_rank_fraction': 0.6, 'rank_metric': 'atr_pct'}_signal_module_rsi_signal_signal_params_{'rsi_period': 2, 'oversold': 25.0, 'overbought': 75.0, 'strategy_mode': 'long', 'exit_policy': 'threshold_or_bars', 'exit_bars': 10}",complex_spec · id_9139889c47e5,5.04286668933477,0.019801980198019802,True,0.1,100,4.3351748516019
signal,signed_signal,t_stat,"filter_module_atr_percentile_filter_filter_params_{'atr_period': 21, 'lookback': 126, 'max_rank_fraction': 0.7, 'rank_metric': 'atr_pct'}_signal_module_rsi_signal_signal_params_{'rsi_period': 2, 'oversold': 25.0, 'overbought': 75.0, 'strategy_mode': 'long', 'exit_policy': 'threshold_or_bars', 'exit_bars': 10}",complex_spec · id_095eb3c8a2e5,5.076961462529445,0.0297029702970297,True,0.1,100,4.3224171652615855
signal,signed_signal,t_stat,"filter_module_atr_percentile_filter_filter_params_{'atr_period': 21, 'lookback': 252, 'max_rank_fraction': 0.3, 'rank_metric': 'atr_pct'}_signal_module_rsi_signal_signal_params_{'rsi_period': 2, 'oversold': 25.0, 'overbought': 75.0, 'strategy_mode': 'long', 'exit_policy': 'threshold_or_bars', 'exit_bars': 10}",complex_spec · id_700e265e3039,5.006908079215341,0.009900990099009901,True,0.1,100,3.359256600024624
signal,signed_signal,t_stat,"filter_module_atr_percentile_filter_filter_params_{'atr_period': 21, 'lookback': 252, 'max_rank_fraction': 0.4, 'rank_metric': 'atr_pct'}_signal_module_rsi_signal_signal_params_{'rsi_period': 2, 'oversold': 25.0, 'overbought': 75.0, 'strategy_mode': 'long', 'exit_policy': 'threshold_or_bars', 'exit_bars': 10}",complex_spec · id_aa9516ff3cc7,4.390178934155936,0.0297029702970297,True,0.1,100,3.8602061881795726
signal,signed_signal,t_stat,"filter_module_atr_percentile_filter_filter_params_{'atr_period': 21, 'lookback': 252, 'max_rank_fraction': 0.5, 'rank_metric': 'atr_pct'}_signal_module_rsi_signal_signal_params_{'rsi_period': 2, 'oversold': 25.0, 'overbought': 75.0, 'strategy_mode': 'long', 'exit_policy': 'threshold_or_bars', 'exit_bars': 10}",complex_spec · id_d8d6789957ab,4.19102071337816,0.0594059405940594,True,0.1,100,4.015206531342235
signal,signed_signal,t_stat,"filter_module_atr_percentile_filter_filter_params_{'atr_period': 21, 'lookback': 252, 'max_rank_fraction': 0.6, 'rank_metric': 'atr_pct'}_signal_module_rsi_signal_signal_params_{'rsi_period': 2, 'oversold': 25.0, 'overbought': 75.0, 'strategy_mode': 'long', 'exit_policy': 'threshold_or_bars', 'exit_bars': 10}",complex_spec · id_bc73684804d3,5.12813693858261,0.009900990099009901,True,0.1,100,4.091713982017133
signal,signed_signal,t_stat,"filter_module_atr_percentile_filter_filter_params_{'atr_period': 21, 'lookback': 252, 'max_rank_fraction': 0.7, 'rank_metric': 'atr_pct'}_signal_module_rsi_signal_signal_params_{'rsi_period': 2, 'oversold': 25.0, 'overbought': 75.0, 'strategy_mode': 'long', 'exit_policy': 'threshold_or_bars', 'exit_bars': 10}",complex_spec · id_70fffcf80105,5.021808836851958,0.019801980198019802,True,0.1,100,4.320701099997803
signal,signed_signal,t_stat,"filter_module_atr_percentile_filter_filter_params_{'atr_period': 21, 'lookback': 31, 'max_rank_fraction': 0.3, 'rank_metric': 'atr_pct'}_signal_module_rsi_signal_signal_params_{'rsi_period': 2, 'oversold': 25.0, 'overbought': 75.0, 'strategy_mode': 'long', 'exit_policy': 'threshold_or_bars', 'exit_bars': 10}",complex_spec · id_09e8d65f2c26,3.882516482771722,0.07920792079207921,True,0.1,100,3.4254114744855357
signal,signed_signal,t_stat,"filter_module_atr_percentile_filter_filter_params_{'atr_period': 21, 'lookback': 31, 'max_rank_fraction': 0.4, 'rank_metric': 'atr_pct'}_signal_module_rsi_signal_signal_params_{'rsi_period': 2, 'oversold': 25.0, 'overbought': 75.0, 'strategy_mode': 'long', 'exit_policy': 'threshold_or_bars', 'exit_bars': 10}",complex_spec · id_036ce92fa5af,4.171460784769381,0.0594059405940594,True,0.1,100,3.8389426373500415
signal,signed_signal,t_stat,"filter_module_atr_percentile_filter_filter_params_{'atr_period': 21, 'lookback': 31, 'max_rank_fraction': 0.5, 'rank_metric': 'atr_pct'}_signal_module_rsi_signal_signal_params_{'rsi_period': 2, 'oversold': 25.0, 'overbought': 75.0, 'strategy_mode': 'long', 'exit_policy': 'threshold_or_bars', 'exit_bars': 10}",complex_spec · id_97dbf910db48,4.118072646904386,0.0891089108910891,True,0.1,100,4.055368879982518
signal,signed_signal,t_stat,"filter_module_atr_percentile_filter_filter_params_{'atr_period': 21, 'lookback': 31, 'max_rank_fraction': 0.6, 'rank_metric': 'atr_pct'}_signal_module_rsi_signal_signal_params_{'rsi_period': 2, 'oversold': 25.0, 'overbought': 75.0, 'strategy_mode': 'long', 'exit_policy': 'threshold_or_bars', 'exit_bars': 10}",complex_spec · id_44329e2c0f0e,3.760130023470736,0.2079207920792079,False,0.1,100,4.276017963184429
signal,signed_signal,t_stat,"filter_module_atr_percentile_filter_filter_params_{'atr_period': 21, 'lookback': 31, 'max_rank_fraction': 0.7, 'rank_metric': 'atr_pct'}_signal_module_rsi_signal_signal_params_{'rsi_period': 2, 'oversold': 25.0, 'overbought': 75.0, 'strategy_mode': 'long', 'exit_policy': 'threshold_or_bars', 'exit_bars': 10}",complex_spec · id_0e19ac34d87d,5.08081135619044,0.009900990099009901,True,0.1,100,4.35129460869951
signal,signed_signal,t_stat,"filter_module_atr_percentile_filter_filter_params_{'atr_period': 21, 'lookback': 63, 'max_rank_fraction': 0.3, 'rank_metric': 'atr_pct'}_signal_module_rsi_signal_signal_params_{'rsi_period': 2, 'oversold': 25.0, 'overbought': 75.0, 'strategy_mode': 'long', 'exit_policy': 'threshold_or_bars', 'exit_bars': 10}",complex_spec · id_8a80ee5ea01f,3.685455179595191,0.10891089108910891,True,0.1,100,3.4919754069446736
signal,signed_signal,t_stat,"filter_module_atr_percentile_filter_filter_params_{'atr_period': 21, 'lookback': 63, 'max_rank_fraction': 0.4, 'rank_metric': 'atr_pct'}_signal_module_rsi_signal_signal_params_{'rsi_period': 2, 'oversold': 25.0, 'overbought': 75.0, 'strategy_mode': 'long', 'exit_policy': 'threshold_or_bars', 'exit_bars': 10}",complex_spec · id_12c6cdc5d833,5.288830822251621,0.019801980198019802,True,0.1,100,4.003693354152053
signal,signed_signal,t_stat,"filter_module_atr_percentile_filter_filter_params_{'atr_period': 21, 'lookback': 63, 'max_rank_fraction': 0.5, 'rank_metric': 'atr_pct'}_signal_module_rsi_signal_signal_params_{'rsi_period': 2, 'oversold': 25.0, 'overbought': 75.0, 'strategy_mode': 'long', 'exit_policy': 'threshold_or_bars', 'exit_bars': 10}",complex_spec · id_533dcc6e8323,4.818920575281611,0.019801980198019802,True,0.1,100,4.013730194854084
signal,signed_signal,t_stat,"filter_module_atr_percentile_filter_filter_params_{'atr_period': 21, 'lookback': 63, 'max_rank_fraction': 0.6, 'rank_metric': 'atr_pct'}_signal_module_rsi_signal_signal_params_{'rsi_period': 2, 'oversold': 25.0, 'overbought': 75.0, 'strategy_mode': 'long', 'exit_policy': 'threshold_or_bars', 'exit_bars': 10}",complex_spec · id_78d5d3e2c90b,4.978180182642217,0.039603960396039604,True,0.1,100,4.274661657199643
signal,signed_signal,t_stat,"filter_module_atr_percentile_filter_filter_params_{'atr_period': 21, 'lookback': 63, 'max_rank_fraction': 0.7, 'rank_metric': 'atr_pct'}_signal_module_rsi_signal_signal_params_{'rsi_period': 2, 'oversold': 25.0, 'overbought': 75.0, 'strategy_mode': 'long', 'exit_policy': 'threshold_or_bars', 'exit_bars': 10}",complex_spec · id_06ddf984f3c9,5.33563876499414,0.019801980198019802,True,0.1,100,4.541314470825226
signal,signed_signal,t_stat,"filter_module_atr_percentile_filter_filter_params_{'atr_period': 252, 'lookback': 126, 'max_rank_fraction': 0.3, 'rank_metric': 'atr_pct'}_signal_module_rsi_signal_signal_params_{'rsi_period': 2, 'oversold': 25.0, 'overbought': 75.0, 'strategy_mode': 'long', 'exit_policy': 'threshold_or_bars', 'exit_bars': 10}",complex_spec · id_d076f029fbd3,4.6981887493752295,0.019801980198019802,True,0.1,100,3.6958368624161606
signal,signed_signal,t_stat,"filter_module_atr_percentile_filter_filter_params_{'atr_period': 252, 'lookback': 126, 'max_rank_fraction': 0.4, 'rank_metric': 'atr_pct'}_signal_module_rsi_signal_signal_params_{'rsi_period': 2, 'oversold': 25.0, 'overbought': 75.0, 'strategy_mode': 'long', 'exit_policy': 'threshold_or_bars', 'exit_bars': 10}",complex_spec · id_89581093938c,3.8316859288916247,0.10891089108910891,True,0.1,100,3.825310635700034
signal,signed_signal,t_stat,"filter_module_atr_percentile_filter_filter_params_{'atr_period': 252, 'lookback': 126, 'max_rank_fraction': 0.5, 'rank_metric': 'atr_pct'}_signal_module_rsi_signal_signal_params_{'rsi_period': 2, 'oversold': 25.0, 'overbought': 75.0, 'strategy_mode': 'long', 'exit_policy': 'threshold_or_bars', 'exit_bars': 10}",complex_spec · id_c68b39b4ee24,3.9706301219471216,0.10891089108910891,True,0.1,100,3.8747268015396394
signal,signed_signal,t_stat,"filter_module_atr_percentile_filter_filter_params_{'atr_period': 252, 'lookback': 126, 'max_rank_fraction': 0.6, 'rank_metric': 'atr_pct'}_signal_module_rsi_signal_signal_params_{'rsi_period': 2, 'oversold': 25.0, 'overbought': 75.0, 'strategy_mode': 'long', 'exit_policy': 'threshold_or_bars', 'exit_bars': 10}",complex_spec · id_feaab59d0599,4.3668099615360205,0.06930693069306931,True,0.1,100,4.064497296132304
signal,signed_signal,t_stat,"filter_module_atr_percentile_filter_filter_params_{'atr_period': 252, 'lookback': 126, 'max_rank_fraction': 0.7, 'rank_metric': 'atr_pct'}_signal_module_rsi_signal_signal_params_{'rsi_period': 2, 'oversold': 25.0, 'overbought': 75.0, 'strategy_mode': 'long', 'exit_policy': 'threshold_or_bars', 'exit_bars': 10}",complex_spec · id_3130ca0f8b9f,4.45616781172945,0.06930693069306931,True,0.1,100,4.0834648721658
signal,signed_signal,t_stat,"filter_module_atr_percentile_filter_filter_params_{'atr_period': 252, 'lookback': 252, 'max_rank_fraction': 0.3, 'rank_metric': 'atr_pct'}_signal_module_rsi_signal_signal_params_{'rsi_period': 2, 'oversold': 25.0, 'overbought': 75.0, 'strategy_mode': 'long', 'exit_policy': 'threshold_or_bars', 'exit_bars': 10}",complex_spec · id_d634264040fd,3.420453427328539,0.16831683168316833,False,0.1,100,3.770018780147587
signal,signed_signal,t_stat,"filter_module_atr_percentile_filter_filter_params_{'atr_period': 252, 'lookback': 252, 'max_rank_fraction': 0.4, 'rank_metric': 'atr_pct'}_signal_module_rsi_signal_signal_params_{'rsi_period': 2, 'oversold': 25.0, 'overbought': 75.0, 'strategy_mode': 'long', 'exit_policy': 'threshold_or_bars', 'exit_bars': 10}",complex_spec · id_8cb03d3bb445,3.945643144540809,0.06930693069306931,True,0.1,100,3.817589247298393
signal,signed_signal,t_stat,"filter_module_atr_percentile_filter_filter_params_{'atr_period': 252, 'lookback': 252, 'max_rank_fraction': 0.5, 'rank_metric': 'atr_pct'}_signal_module_rsi_signal_signal_params_{'rsi_period': 2, 'oversold': 25.0, 'overbought': 75.0, 'strategy_mode': 'long', 'exit_policy': 'threshold_or_bars', 'exit_bars': 10}",complex_spec · id_ebf29a980987,4.304238342062582,0.0594059405940594,True,0.1,100,3.741937598798264
signal,signed_signal,t_stat,"filter_module_atr_percentile_filter_filter_params_{'atr_period': 252, 'lookback': 252, 'max_rank_fraction': 0.6, 'rank_metric': 'atr_pct'}_signal_module_rsi_signal_signal_params_{'rsi_period': 2, 'oversold': 25.0, 'overbought': 75.0, 'strategy_mode': 'long', 'exit_policy': 'threshold_or_bars', 'exit_bars': 10}",complex_spec · id_0b42a2de5868,4.345206010013196,0.039603960396039604,True,0.1,100,3.938458696142387
signal,signed_signal,t_stat,"filter_module_atr_percentile_filter_filter_params_{'atr_period': 252, 'lookback': 252, 'max_rank_fraction': 0.7, 'rank_metric': 'atr_pct'}_signal_module_rsi_signal_signal_params_{'rsi_period': 2, 'oversold': 25.0, 'overbought': 75.0, 'strategy_mode': 'long', 'exit_policy': 'threshold_or_bars', 'exit_bars': 10}",complex_spec · id_719f2f8ae992,4.273919292892188,0.07920792079207921,True,0.1,100,4.10282289507507
signal,signed_signal,t_stat,"filter_module_atr_percentile_filter_filter_params_{'atr_period': 252, 'lookback': 31, 'max_rank_fraction': 0.3, 'rank_metric': 'atr_pct'}_signal_module_rsi_signal_signal_params_{'rsi_period': 2, 'oversold': 25.0, 'overbought': 75.0, 'strategy_mode': 'long', 'exit_policy': 'threshold_or_bars', 'exit_bars': 10}",complex_spec · id_d69393994e58,4.709993902331779,0.009900990099009901,True,0.1,100,3.319855862390335
signal,signed_signal,t_stat,"filter_module_atr_percentile_filter_filter_params_{'atr_period': 252, 'lookback': 31, 'max_rank_fraction': 0.4, 'rank_metric': 'atr_pct'}_signal_module_rsi_signal_signal_params_{'rsi_period': 2, 'oversold': 25.0, 'overbought': 75.0, 'strategy_mode': 'long', 'exit_policy': 'threshold_or_bars', 'exit_bars': 10}",complex_spec · id_d8b6b407ee78,5.1139007531075835,0.009900990099009901,True,0.1,100,3.487694693193108
signal,signed_signal,t_stat,"filter_module_atr_percentile_filter_filter_params_{'atr_period': 252, 'lookback': 31, 'max_rank_fraction': 0.5, 'rank_metric': 'atr_pct'}_signal_module_rsi_signal_signal_params_{'rsi_period': 2, 'oversold': 25.0, 'overbought': 75.0, 'strategy_mode': 'long', 'exit_policy': 'threshold_or_bars', 'exit_bars': 10}",complex_spec · id_195feb685059,5.29197992980392,0.009900990099009901,True,0.1,100,3.44020536862244
signal,signed_signal,t_stat,"filter_module_atr_percentile_filter_filter_params_{'atr_period': 252, 'lookback': 31, 'max_rank_fraction': 0.6, 'rank_metric': 'atr_pct'}_signal_module_rsi_signal_signal_params_{'rsi_period': 2, 'oversold': 25.0, 'overbought': 75.0, 'strategy_mode': 'long', 'exit_policy': 'threshold_or_bars', 'exit_bars': 10}",complex_spec · id_718aaa502f42,4.750887632175326,0.019801980198019802,True,0.1,100,3.6051548311966077
signal,signed_signal,t_stat,"filter_module_atr_percentile_filter_filter_params_{'atr_period': 252, 'lookback': 31, 'max_rank_fraction': 0.7, 'rank_metric': 'atr_pct'}_signal_module_rsi_signal_signal_params_{'rsi_period': 2, 'oversold': 25.0, 'overbought': 75.0, 'strategy_mode': 'long', 'exit_policy': 'threshold_or_bars', 'exit_bars': 10}",complex_spec · id_2368866d0f24,4.79347312380968,0.019801980198019802,True,0.1,100,3.8872521869684613
signal,signed_signal,t_stat,"filter_module_atr_percentile_filter_filter_params_{'atr_period': 252, 'lookback': 63, 'max_rank_fraction': 0.3, 'rank_metric': 'atr_pct'}_signal_module_rsi_signal_signal_params_{'rsi_period': 2, 'oversold': 25.0, 'overbought': 75.0, 'strategy_mode': 'long', 'exit_policy': 'threshold_or_bars', 'exit_bars': 10}",complex_spec · id_dfa34c3a02ca,4.684527660179111,0.009900990099009901,True,0.1,100,3.30926054112555
signal,signed_signal,t_stat,"filter_module_atr_percentile_filter_filter_params_{'atr_period': 252, 'lookback': 63, 'max_rank_fraction': 0.4, 'rank_metric': 'atr_pct'}_signal_module_rsi_signal_signal_params_{'rsi_period': 2, 'oversold': 25.0, 'overbought': 75.0, 'strategy_mode': 'long', 'exit_policy': 'threshold_or_bars', 'exit_bars': 10}",complex_spec · id_e186b736ad6b,5.102891896126255,0.009900990099009901,True,0.1,100,3.5462168867179438
signal,signed_signal,t_stat,"filter_module_atr_percentile_filter_filter_params_{'atr_period': 252, 'lookback': 63, 'max_rank_fraction': 0.5, 'rank_metric': 'atr_pct'}_signal_module_rsi_signal_signal_params_{'rsi_period': 2, 'oversold': 25.0, 'overbought': 75.0, 'strategy_mode': 'long', 'exit_policy': 'threshold_or_bars', 'exit_bars': 10}",complex_spec · id_ec8a9742cb2e,5.574959621744477,0.009900990099009901,True,0.1,100,3.9404845974660803
signal,signed_signal,t_stat,"filter_module_atr_percentile_filter_filter_params_{'atr_period': 252, 'lookback': 63, 'max_rank_fraction': 0.6, 'rank_metric': 'atr_pct'}_signal_module_rsi_signal_signal_params_{'rsi_period': 2, 'oversold': 25.0, 'overbought': 75.0, 'strategy_mode': 'long', 'exit_policy': 'threshold_or_bars', 'exit_bars': 10}",complex_spec · id_041fd0a7ce1b,5.360885256796176,0.009900990099009901,True,0.1,100,4.058678126157327
signal,signed_signal,t_stat,"filter_module_atr_percentile_filter_filter_params_{'atr_period': 252, 'lookback': 63, 'max_rank_fraction': 0.7, 'rank_metric': 'atr_pct'}_signal_module_rsi_signal_signal_params_{'rsi_period': 2, 'oversold': 25.0, 'overbought': 75.0, 'strategy_mode': 'long', 'exit_policy': 'threshold_or_bars', 'exit_bars': 10}",complex_spec · id_fd09e1fd6bcd,5.364980764040811,0.019801980198019802,True,0.1,100,4.115632654359959
signal,signed_signal,t_stat,"filter_module_atr_percentile_filter_filter_params_{'atr_period': 60, 'lookback': 126, 'max_rank_fraction': 0.3, 'rank_metric': 'atr_pct'}_signal_module_rsi_signal_signal_params_{'rsi_period': 2, 'oversold': 25.0, 'overbought': 75.0, 'strategy_mode': 'long', 'exit_policy': 'threshold_or_bars', 'exit_bars': 10}",complex_spec · id_b463e377c335,4.172241217933922,0.039603960396039604,True,0.1,100,3.7261200823340404
signal,signed_signal,t_stat,"filter_module_atr_percentile_filter_filter_params_{'atr_period': 60, 'lookback': 126, 'max_rank_fraction': 0.4, 'rank_metric': 'atr_pct'}_signal_module_rsi_signal_signal_params_{'rsi_period': 2, 'oversold': 25.0, 'overbought': 75.0, 'strategy_mode': 'long', 'exit_policy': 'threshold_or_bars', 'exit_bars': 10}",complex_spec · id_525e69de2e4f,4.329845414996996,0.039603960396039604,True,0.1,100,3.6895403518041188
signal,signed_signal,t_stat,"filter_module_atr_percentile_filter_filter_params_{'atr_period': 60, 'lookback': 126, 'max_rank_fraction': 0.5, 'rank_metric': 'atr_pct'}_signal_module_rsi_signal_signal_params_{'rsi_period': 2, 'oversold': 25.0, 'overbought': 75.0, 'strategy_mode': 'long', 'exit_policy': 'threshold_or_bars', 'exit_bars': 10}",complex_spec · id_1360e31661d5,4.70441247365393,0.0297029702970297,True,0.1,100,3.864472942822001
signal,signed_signal,t_stat,"filter_module_atr_percentile_filter_filter_params_{'atr_period': 60, 'lookback': 126, 'max_rank_fraction': 0.6, 'rank_metric': 'atr_pct'}_signal_module_rsi_signal_signal_params_{'rsi_period': 2, 'oversold': 25.0, 'overbought': 75.0, 'strategy_mode': 'long', 'exit_policy': 'threshold_or_bars', 'exit_bars': 10}",complex_spec · id_1755aba0ed47,4.61983973046751,0.0297029702970297,True,0.1,100,4.139920724390197
signal,signed_signal,t_stat,"filter_module_atr_percentile_filter_filter_params_{'atr_period': 60, 'lookback': 126, 'max_rank_fraction': 0.7, 'rank_metric': 'atr_pct'}_signal_module_rsi_signal_signal_params_{'rsi_period': 2, 'oversold': 25.0, 'overbought': 75.0, 'strategy_mode': 'long', 'exit_policy': 'threshold_or_bars', 'exit_bars': 10}",complex_spec · id_9a62c56dbf6a,4.777301117344518,0.019801980198019802,True,0.1,100,4.2318845775712735
signal,signed_signal,t_stat,"filter_module_atr_percentile_filter_filter_params_{'atr_period': 60, 'lookback': 252, 'max_rank_fraction': 0.3, 'rank_metric': 'atr_pct'}_signal_module_rsi_signal_signal_params_{'rsi_period': 2, 'oversold': 25.0, 'overbought': 75.0, 'strategy_mode': 'long', 'exit_policy': 'threshold_or_bars', 'exit_bars': 10}",complex_spec · id_f74bff7ff292,5.150838689728532,0.009900990099009901,True,0.1,100,3.4695388560591955
signal,signed_signal,t_stat,"filter_module_atr_percentile_filter_filter_params_{'atr_period': 60, 'lookback': 252, 'max_rank_fraction': 0.4, 'rank_metric': 'atr_pct'}_signal_module_rsi_signal_signal_params_{'rsi_period': 2, 'oversold': 25.0, 'overbought': 75.0, 'strategy_mode': 'long', 'exit_policy': 'threshold_or_bars', 'exit_bars': 10}",complex_spec · id_923558653219,4.906795746604348,0.009900990099009901,True,0.1,100,3.8226223063144493
signal,signed_signal,t_stat,"filter_module_atr_percentile_filter_filter_params_{'atr_period': 60, 'lookback': 252, 'max_rank_fraction': 0.5, 'rank_metric': 'atr_pct'}_signal_module_rsi_signal_signal_params_{'rsi_period': 2, 'oversold': 25.0, 'overbought': 75.0, 'strategy_mode': 'long', 'exit_policy': 'threshold_or_bars', 'exit_bars': 10}",complex_spec · id_7a225dda1f1e,4.45033942236712,0.04950495049504951,True,0.1,100,3.9240975817079375
signal,signed_signal,t_stat,"filter_module_atr_percentile_filter_filter_params_{'atr_period': 60, 'lookback': 252, 'max_rank_fraction': 0.6, 'rank_metric': 'atr_pct'}_signal_module_rsi_signal_signal_params_{'rsi_period': 2, 'oversold': 25.0, 'overbought': 75.0, 'strategy_mode': 'long', 'exit_policy': 'threshold_or_bars', 'exit_bars': 10}",complex_spec · id_dbc858b3a59e,5.133164776510036,0.019801980198019802,True,0.1,100,4.077230692137435
signal,signed_signal,t_stat,"filter_module_atr_percentile_filter_filter_params_{'atr_period': 60, 'lookback': 252, 'max_rank_fraction': 0.7, 'rank_metric': 'atr_pct'}_signal_module_rsi_signal_signal_params_{'rsi_period': 2, 'oversold': 25.0, 'overbought': 75.0, 'strategy_mode': 'long', 'exit_policy': 'threshold_or_bars', 'exit_bars': 10}",complex_spec · id_a465fc7f7ea1,5.350291097355835,0.019801980198019802,True,0.1,100,4.3081432595850995
signal,signed_signal,t_stat,"filter_module_atr_percentile_filter_filter_params_{'atr_period': 60, 'lookback': 31, 'max_rank_fraction': 0.3, 'rank_metric': 'atr_pct'}_signal_module_rsi_signal_signal_params_{'rsi_period': 2, 'oversold': 25.0, 'overbought': 75.0, 'strategy_mode': 'long', 'exit_policy': 'threshold_or_bars', 'exit_bars': 10}",complex_spec · id_2a39836bae4d,4.609448525860782,0.009900990099009901,True,0.1,100,3.4971518321771593
signal,signed_signal,t_stat,"filter_module_atr_percentile_filter_filter_params_{'atr_period': 60, 'lookback': 31, 'max_rank_fraction': 0.4, 'rank_metric': 'atr_pct'}_signal_module_rsi_signal_signal_params_{'rsi_period': 2, 'oversold': 25.0, 'overbought': 75.0, 'strategy_mode': 'long', 'exit_policy': 'threshold_or_bars', 'exit_bars': 10}",complex_spec · id_8456f5d6dbe7,4.421000591816277,0.039603960396039604,True,0.1,100,3.818220959009288
signal,signed_signal,t_stat,"filter_module_atr_percentile_filter_filter_params_{'atr_period': 60, 'lookback': 31, 'max_rank_fraction': 0.5, 'rank_metric': 'atr_pct'}_signal_module_rsi_signal_signal_params_{'rsi_period': 2, 'oversold': 25.0, 'overbought': 75.0, 'strategy_mode': 'long', 'exit_policy': 'threshold_or_bars', 'exit_bars': 10}",complex_spec · id_d1ac8493d0a9,4.434688444037102,0.04950495049504951,True,0.1,100,3.931316863728647
signal,signed_signal,t_stat,"filter_module_atr_percentile_filter_filter_params_{'atr_period': 60, 'lookback': 31, 'max_rank_fraction': 0.6, 'rank_metric': 'atr_pct'}_signal_module_rsi_signal_signal_params_{'rsi_period': 2, 'oversold': 25.0, 'overbought': 75.0, 'strategy_mode': 'long', 'exit_policy': 'threshold_or_bars', 'exit_bars': 10}",complex_spec · id_79be289810b0,4.3864948082516335,0.0594059405940594,True,0.1,100,4.063249359651303
signal,signed_signal,t_stat,"filter_module_atr_percentile_filter_filter_params_{'atr_period': 60, 'lookback': 31, 'max_rank_fraction': 0.7, 'rank_metric': 'atr_pct'}_signal_module_rsi_signal_signal_params_{'rsi_period': 2, 'oversold': 25.0, 'overbought': 75.0, 'strategy_mode': 'long', 'exit_policy': 'threshold_or_bars', 'exit_bars': 10}",complex_spec · id_f37510507138,4.367587277591867,0.06930693069306931,True,0.1,100,4.208859065521345
signal,signed_signal,t_stat,"filter_module_atr_percentile_filter_filter_params_{'atr_period': 60, 'lookback': 63, 'max_rank_fraction': 0.3, 'rank_metric': 'atr_pct'}_signal_module_rsi_signal_signal_params_{'rsi_period': 2, 'oversold': 25.0, 'overbought': 75.0, 'strategy_mode': 'long', 'exit_policy': 'threshold_or_bars', 'exit_bars': 10}",complex_spec · id_c3ca09ba1163,4.061303505173099,0.04950495049504951,True,0.1,100,3.5806969920940395
signal,signed_signal,t_stat,"filter_module_atr_percentile_filter_filter_params_{'atr_period': 60, 'lookback': 63, 'max_rank_fraction': 0.4, 'rank_metric': 'atr_pct'}_signal_module_rsi_signal_signal_params_{'rsi_period': 2, 'oversold': 25.0, 'overbought': 75.0, 'strategy_mode': 'long', 'exit_policy': 'threshold_or_bars', 'exit_bars': 10}",complex_spec · id_ac9090aba546,4.081868062284952,0.06930693069306931,True,0.1,100,3.8550798494785035
signal,signed_signal,t_stat,"filter_module_atr_percentile_filter_filter_params_{'atr_period': 60, 'lookback': 63, 'max_rank_fraction': 0.5, 'rank_metric': 'atr_pct'}_signal_module_rsi_signal_signal_params_{'rsi_period': 2, 'oversold': 25.0, 'overbought': 75.0, 'strategy_mode': 'long', 'exit_policy': 'threshold_or_bars', 'exit_bars': 10}",complex_spec · id_da9b000befcf,4.7385854713856945,0.039603960396039604,True,0.1,100,3.987253123545905
signal,signed_signal,t_stat,"filter_module_atr_percentile_filter_filter_params_{'atr_period': 60, 'lookback': 63, 'max_rank_fraction': 0.6, 'rank_metric': 'atr_pct'}_signal_module_rsi_signal_signal_params_{'rsi_period': 2, 'oversold': 25.0, 'overbought': 75.0, 'strategy_mode': 'long', 'exit_policy': 'threshold_or_bars', 'exit_bars': 10}",complex_spec · id_fb8f67d226d1,4.661007209127284,0.0594059405940594,True,0.1,100,4.203965354779269
signal,signed_signal,t_stat,"filter_module_atr_percentile_filter_filter_params_{'atr_period': 60, 'lookback': 63, 'max_rank_fraction': 0.7, 'rank_metric': 'atr_pct'}_signal_module_rsi_signal_signal_params_{'rsi_period': 2, 'oversold': 25.0, 'overbought': 75.0, 'strategy_mode': 'long', 'exit_policy': 'threshold_or_bars', 'exit_bars': 10}",complex_spec · id_c3a450002ab3,4.6150784042834765,0.0594059405940594,True,0.1,100,4.153912986214081
signal,signed_signal,t_stat,"filter_module_atr_percentile_filter_filter_params_{'atr_period': 7, 'lookback': 126, 'max_rank_fraction': 0.3, 'rank_metric': 'atr_pct'}_signal_module_rsi_signal_signal_params_{'rsi_period': 2, 'oversold': 25.0, 'overbought': 75.0, 'strategy_mode': 'long', 'exit_policy': 'threshold_or_bars', 'exit_bars': 10}",complex_spec · id_f1d6feb52e65,2.940938125184048,0.1782178217821782,False,0.1,100,3.3781219845095243
signal,signed_signal,t_stat,"filter_module_atr_percentile_filter_filter_params_{'atr_period': 7, 'lookback': 126, 'max_rank_fraction': 0.4, 'rank_metric': 'atr_pct'}_signal_module_rsi_signal_signal_params_{'rsi_period': 2, 'oversold': 25.0, 'overbought': 75.0, 'strategy_mode': 'long', 'exit_policy': 'threshold_or_bars', 'exit_bars': 10}",complex_spec · id_0104ede8e925,3.515637346625265,0.07920792079207921,True,0.1,100,3.3684238979459664
signal,signed_signal,t_stat,"filter_module_atr_percentile_filter_filter_params_{'atr_period': 7, 'lookback': 126, 'max_rank_fraction': 0.5, 'rank_metric': 'atr_pct'}_signal_module_rsi_signal_signal_params_{'rsi_period': 2, 'oversold': 25.0, 'overbought': 75.0, 'strategy_mode': 'long', 'exit_policy': 'threshold_or_bars', 'exit_bars': 10}",complex_spec · id_acf3017170b9,3.5535708225113423,0.16831683168316833,False,0.1,100,3.9700169250529713
signal,signed_signal,t_stat,"filter_module_atr_percentile_filter_filter_params_{'atr_period': 7, 'lookback': 126, 'max_rank_fraction': 0.6, 'rank_metric': 'atr_pct'}_signal_module_rsi_signal_signal_params_{'rsi_period': 2, 'oversold': 25.0, 'overbought': 75.0, 'strategy_mode': 'long', 'exit_policy': 'threshold_or_bars', 'exit_bars': 10}",complex_spec · id_05d048e2357d,3.9146123010975247,0.1485148514851485,False,0.1,100,4.031658985870036
signal,signed_signal,t_stat,"filter_module_atr_percentile_filter_filter_params_{'atr_period': 7, 'lookback': 126, 'max_rank_fraction': 0.7, 'rank_metric': 'atr_pct'}_signal_module_rsi_signal_signal_params_{'rsi_period': 2, 'oversold': 25.0, 'overbought': 75.0, 'strategy_mode': 'long', 'exit_policy': 'threshold_or_bars', 'exit_bars': 10}",complex_spec · id_50a401016b69,4.36557240470563,0.10891089108910891,True,0.1,100,4.34377781028877
signal,signed_signal,t_stat,"filter_module_atr_percentile_filter_filter_params_{'atr_period': 7, 'lookback': 252, 'max_rank_fraction': 0.3, 'rank_metric': 'atr_pct'}_signal_module_rsi_signal_signal_params_{'rsi_period': 2, 'oversold': 25.0, 'overbought': 75.0, 'strategy_mode': 'long', 'exit_policy': 'threshold_or_bars', 'exit_bars': 10}",complex_spec · id_38faa11851cd,4.118145086985406,0.0297029702970297,True,0.1,100,3.2910785539573384
signal,signed_signal,t_stat,"filter_module_atr_percentile_filter_filter_params_{'atr_period': 7, 'lookback': 252, 'max_rank_fraction': 0.4, 'rank_metric': 'atr_pct'}_signal_module_rsi_signal_signal_params_{'rsi_period': 2, 'oversold': 25.0, 'overbought': 75.0, 'strategy_mode': 'long', 'exit_policy': 'threshold_or_bars', 'exit_bars': 10}",complex_spec · id_c2917fdd5191,4.316412313019539,0.0297029702970297,True,0.1,100,3.5760203721394563
signal,signed_signal,t_stat,"filter_module_atr_percentile_filter_filter_params_{'atr_period': 7, 'lookback': 252, 'max_rank_fraction': 0.5, 'rank_metric': 'atr_pct'}_signal_module_rsi_signal_signal_params_{'rsi_period': 2, 'oversold': 25.0, 'overbought': 75.0, 'strategy_mode': 'long', 'exit_policy': 'threshold_or_bars', 'exit_bars': 10}",complex_spec · id_e22baef3d421,4.466844799071408,0.039603960396039604,True,0.1,100,3.7791135667287374
signal,signed_signal,t_stat,"filter_module_atr_percentile_filter_filter_params_{'atr_period': 7, 'lookback': 252, 'max_rank_fraction': 0.6, 'rank_metric': 'atr_pct'}_signal_module_rsi_signal_signal_params_{'rsi_period': 2, 'oversold': 25.0, 'overbought': 75.0, 'strategy_mode': 'long', 'exit_policy': 'threshold_or_bars', 'exit_bars': 10}",complex_spec · id_b1ea3660273c,4.710175923743237,0.04950495049504951,True,0.1,100,3.925337302215704
signal,signed_signal,t_stat,"filter_module_atr_percentile_filter_filter_params_{'atr_period': 7, 'lookback': 252, 'max_rank_fraction': 0.7, 'rank_metric': 'atr_pct'}_signal_module_rsi_signal_signal_params_{'rsi_period': 2, 'oversold': 25.0, 'overbought': 75.0, 'strategy_mode': 'long', 'exit_policy': 'threshold_or_bars', 'exit_bars': 10}",complex_spec · id_685d2724b6e2,4.871021341749609,0.039603960396039604,True,0.1,100,4.177686538069334
signal,signed_signal,t_stat,"filter_module_atr_percentile_filter_filter_params_{'atr_period': 7, 'lookback': 31, 'max_rank_fraction': 0.3, 'rank_metric': 'atr_pct'}_signal_module_rsi_signal_signal_params_{'rsi_period': 2, 'oversold': 25.0, 'overbought': 75.0, 'strategy_mode': 'long', 'exit_policy': 'threshold_or_bars', 'exit_bars': 10}",complex_spec · id_424c5daba0a2,2.730319637639518,0.26732673267326734,False,0.1,100,3.2168785478611426
signal,signed_signal,t_stat,"filter_module_atr_percentile_filter_filter_params_{'atr_period': 7, 'lookback': 31, 'max_rank_fraction': 0.4, 'rank_metric': 'atr_pct'}_signal_module_rsi_signal_signal_params_{'rsi_period': 2, 'oversold': 25.0, 'overbought': 75.0, 'strategy_mode': 'long', 'exit_policy': 'threshold_or_bars', 'exit_bars': 10}",complex_spec · id_298814928493,3.0272465965994053,0.24752475247524752,False,0.1,100,3.561403620620263
signal,signed_signal,t_stat,"filter_module_atr_percentile_filter_filter_params_{'atr_period': 7, 'lookback': 31, 'max_rank_fraction': 0.5, 'rank_metric': 'atr_pct'}_signal_module_rsi_signal_signal_params_{'rsi_period': 2, 'oversold': 25.0, 'overbought': 75.0, 'strategy_mode': 'long', 'exit_policy': 'threshold_or_bars', 'exit_bars': 10}",complex_spec · id_582620ce4c25,3.399981402206116,0.19801980198019803,False,0.1,100,3.9205425695778047
signal,signed_signal,t_stat,"filter_module_atr_percentile_filter_filter_params_{'atr_period': 7, 'lookback': 31, 'max_rank_fraction': 0.6, 'rank_metric': 'atr_pct'}_signal_module_rsi_signal_signal_params_{'rsi_period': 2, 'oversold': 25.0, 'overbought': 75.0, 'strategy_mode': 'long', 'exit_policy': 'threshold_or_bars', 'exit_bars': 10}",complex_spec · id_e20acb321733,4.023889342150801,0.09900990099009901,True,0.1,100,3.8944719412282587
signal,signed_signal,t_stat,"filter_module_atr_percentile_filter_filter_params_{'atr_period': 7, 'lookback': 31, 'max_rank_fraction': 0.7, 'rank_metric': 'atr_pct'}_signal_module_rsi_signal_signal_params_{'rsi_period': 2, 'oversold': 25.0, 'overbought': 75.0, 'strategy_mode': 'long', 'exit_policy': 'threshold_or_bars', 'exit_bars': 10}",complex_spec · id_bbfd5c3aecc3,3.9513056081111104,0.1782178217821782,False,0.1,100,4.160829004793746
signal,signed_signal,t_stat,"filter_module_atr_percentile_filter_filter_params_{'atr_period': 7, 'lookback': 63, 'max_rank_fraction': 0.3, 'rank_metric': 'atr_pct'}_signal_module_rsi_signal_signal_params_{'rsi_period': 2, 'oversold': 25.0, 'overbought': 75.0, 'strategy_mode': 'long', 'exit_policy': 'threshold_or_bars', 'exit_bars': 10}",complex_spec · id_5377affa8241,3.273584716970825,0.1485148514851485,False,0.1,100,3.440064835584908
signal,signed_signal,t_stat,"filter_module_atr_percentile_filter_filter_params_{'atr_period': 7, 'lookback': 63, 'max_rank_fraction': 0.4, 'rank_metric': 'atr_pct'}_signal_module_rsi_signal_signal_params_{'rsi_period': 2, 'oversold': 25.0, 'overbought': 75.0, 'strategy_mode': 'long', 'exit_policy': 'threshold_or_bars', 'exit_bars': 10}",complex_spec · id_c04724e14e4c,3.774119290452719,0.07920792079207921,True,0.1,100,3.64979783977494
signal,signed_signal,t_stat,"filter_module_atr_percentile_filter_filter_params_{'atr_period': 7, 'lookback': 63, 'max_rank_fraction': 0.5, 'rank_metric': 'atr_pct'}_signal_module_rsi_signal_signal_params_{'rsi_period': 2, 'oversold': 25.0, 'overbought': 75.0, 'strategy_mode': 'long', 'exit_policy': 'threshold_or_bars', 'exit_bars': 10}",complex_spec · id_0ffe202f5a08,3.892832363171729,0.1188118811881188,False,0.1,100,3.9971064051216656
signal,signed_signal,t_stat,"filter_module_atr_percentile_filter_filter_params_{'atr_period': 7, 'lookback': 63, 'max_rank_fraction': 0.6, 'rank_metric': 'atr_pct'}_signal_module_rsi_signal_signal_params_{'rsi_period': 2, 'oversold': 25.0, 'overbought': 75.0, 'strategy_mode': 'long', 'exit_policy': 'threshold_or_bars', 'exit_bars': 10}",complex_spec · id_9264ee8e0db3,3.79967821890774,0.18811881188118812,False,0.1,100,4.049392417520906
signal,signed_signal,t_stat,"filter_module_atr_percentile_filter_filter_params_{'atr_period': 7, 'lookback': 63, 'max_rank_fraction': 0.7, 'rank_metric': 'atr_pct'}_signal_module_rsi_signal_signal_params_{'rsi_period': 2, 'oversold': 25.0, 'overbought': 75.0, 'strategy_mode': 'long', 'exit_policy': 'threshold_or_bars', 'exit_bars': 10}",complex_spec · id_0124c43d3030,4.649571232079573,0.06930693069306931,True,0.1,100,4.213244750900283
