param_sensitivity_by_ticker_key,param_combo_label,feature_name,ticker,n_observations,n_nonzero_signal,sharpe,t_stat,sortino
tanh_z_mr__k1__lb2__ES,tanh_z_mr__k1__lb2,tanh_z_mr_signal_D_k_1_lookback_2,ES,4532,4445,0.3866015635398608,1.6394881663521483,0.5678489417227792
tanh_z_mr__k1__lb2__NQ,tanh_z_mr__k1__lb2,tanh_z_mr_signal_D_k_1_lookback_2,NQ,4532,4476,0.0457883002757813,0.19417763283769582,0.06551251237610159
tanh_z_mr__k1.5__lb2__ES,tanh_z_mr__k1.5__lb2,tanh_z_mr_signal_D_k_1.5_lookback_2,ES,4532,4445,0.3866015635398607,1.6394881663521477,0.5678489417227791
tanh_z_mr__k1.5__lb2__NQ,tanh_z_mr__k1.5__lb2,tanh_z_mr_signal_D_k_1.5_lookback_2,NQ,4532,4476,0.0457883002757813,0.19417763283769582,0.06551251237610159
tanh_z_mr__k2__lb2__ES,tanh_z_mr__k2__lb2,tanh_z_mr_signal_D_k_2_lookback_2,ES,4532,4445,0.38660156353986075,1.6394881663521477,0.5678489417227791
tanh_z_mr__k2__lb2__NQ,tanh_z_mr__k2__lb2,tanh_z_mr_signal_D_k_2_lookback_2,NQ,4532,4476,0.045788300275781346,0.19417763283769607,0.06551251237610167
tanh_z_mr__k1__lb6__ES,tanh_z_mr__k1__lb6,tanh_z_mr_signal_D_k_1_lookback_6,ES,4532,4531,0.49731309846436544,2.108990280429069,0.7501700751589481
tanh_z_mr__k1__lb6__NQ,tanh_z_mr__k1__lb6,tanh_z_mr_signal_D_k_1_lookback_6,NQ,4532,4530,0.3314984822223904,1.4058086930402967,0.5014243513190431
tanh_z_mr__k1.5__lb6__ES,tanh_z_mr__k1.5__lb6,tanh_z_mr_signal_D_k_1.5_lookback_6,ES,4532,4531,0.48203878518470605,2.0442154366807332,0.724802450379667
tanh_z_mr__k1.5__lb6__NQ,tanh_z_mr__k1.5__lb6,tanh_z_mr_signal_D_k_1.5_lookback_6,NQ,4532,4530,0.3486783439308055,1.478664528677932,0.5264959013370071
tanh_z_mr__k2__lb6__ES,tanh_z_mr__k2__lb6,tanh_z_mr_signal_D_k_2_lookback_6,ES,4532,4531,0.4713922895287484,1.999066101325646,0.7072783730196228
tanh_z_mr__k2__lb6__NQ,tanh_z_mr__k2__lb6,tanh_z_mr_signal_D_k_2_lookback_6,NQ,4532,4530,0.35799212222941995,1.5181621167497181,0.5400623478954154
tanh_z_mr__k1__lb10__ES,tanh_z_mr__k1__lb10,tanh_z_mr_signal_D_k_1_lookback_10,ES,4532,4532,0.5551510424618522,2.3542676763137886,0.8425800416624194
tanh_z_mr__k1__lb10__NQ,tanh_z_mr__k1__lb10,tanh_z_mr_signal_D_k_1_lookback_10,NQ,4532,4532,0.34576663910124655,1.4663166592894523,0.5252387736771374
tanh_z_mr__k1.5__lb10__ES,tanh_z_mr__k1.5__lb10,tanh_z_mr_signal_D_k_1.5_lookback_10,ES,4532,4532,0.513945420697329,2.1795241272925416,0.7738290611562672
tanh_z_mr__k1.5__lb10__NQ,tanh_z_mr__k1.5__lb10,tanh_z_mr_signal_D_k_1.5_lookback_10,NQ,4532,4532,0.3466204067472275,1.4699372911864979,0.522557066126584
tanh_z_mr__k2__lb10__ES,tanh_z_mr__k2__lb10,tanh_z_mr_signal_D_k_2_lookback_10,ES,4532,4532,0.48510198140130695,2.057205746141326,0.7265332482316168
tanh_z_mr__k2__lb10__NQ,tanh_z_mr__k2__lb10,tanh_z_mr_signal_D_k_2_lookback_10,NQ,4532,4532,0.3452954538410984,1.4643184711520345,0.5179841008895092
tanh_z_mr__k1__lb20__ES,tanh_z_mr__k1__lb20,tanh_z_mr_signal_D_k_1_lookback_20,ES,4532,4532,0.22276592182037436,0.944698954000415,0.3246928364515132
tanh_z_mr__k1__lb20__NQ,tanh_z_mr__k1__lb20,tanh_z_mr_signal_D_k_1_lookback_20,NQ,4532,4532,0.02447958507795935,0.1038122807498344,0.03620177009847602
tanh_z_mr__k1.5__lb20__ES,tanh_z_mr__k1.5__lb20,tanh_z_mr_signal_D_k_1.5_lookback_20,ES,4532,4532,0.17155570095757117,0.7275282050461389,0.2471944831738206
tanh_z_mr__k1.5__lb20__NQ,tanh_z_mr__k1.5__lb20,tanh_z_mr_signal_D_k_1.5_lookback_20,NQ,4532,4532,-0.008842219817322165,-0.0374978171894782,-0.012915837987371073
tanh_z_mr__k2__lb20__ES,tanh_z_mr__k2__lb20,tanh_z_mr_signal_D_k_2_lookback_20,ES,4532,4532,0.14030797526079666,0.5950137991648042,0.20081838559932477
tanh_z_mr__k2__lb20__NQ,tanh_z_mr__k2__lb20,tanh_z_mr_signal_D_k_2_lookback_20,NQ,4532,4532,-0.028486576350982527,-0.12080500761479052,-0.0413351396681753
tanh_z_mr__k1__lb50__ES,tanh_z_mr__k1__lb50,tanh_z_mr_signal_D_k_1_lookback_50,ES,4532,4532,0.11578395381905764,0.49101307403335537,0.1667927835112204
tanh_z_mr__k1__lb50__NQ,tanh_z_mr__k1__lb50,tanh_z_mr_signal_D_k_1_lookback_50,NQ,4532,4532,-0.2119387356612895,-0.8987833518487411,-0.30549097849029544
tanh_z_mr__k1.5__lb50__ES,tanh_z_mr__k1.5__lb50,tanh_z_mr_signal_D_k_1.5_lookback_50,ES,4532,4532,0.08720643388976489,0.36982239565438035,0.12470524944878428
tanh_z_mr__k1.5__lb50__NQ,tanh_z_mr__k1.5__lb50,tanh_z_mr_signal_D_k_1.5_lookback_50,NQ,4532,4532,-0.25376809724026284,-1.0761720377269375,-0.362285072468309
tanh_z_mr__k2__lb50__ES,tanh_z_mr__k2__lb50,tanh_z_mr_signal_D_k_2_lookback_50,ES,4532,4532,0.07540426223611917,0.31977210463579814,0.1074840870546634
tanh_z_mr__k2__lb50__NQ,tanh_z_mr__k2__lb50,tanh_z_mr_signal_D_k_2_lookback_50,NQ,4532,4532,-0.27419620989851057,-1.1628029573162022,-0.38998787701539833
tanh_z_mr__k1__lb126__ES,tanh_z_mr__k1__lb126,tanh_z_mr_signal_D_k_1_lookback_126,ES,4532,4532,-0.07385974127991617,-0.31322214708469104,-0.10524405023343453
tanh_z_mr__k1__lb126__NQ,tanh_z_mr__k1__lb126,tanh_z_mr_signal_D_k_1_lookback_126,NQ,4532,4532,-0.24118274193718064,-1.0228004452796322,-0.3440948921876364
tanh_z_mr__k1.5__lb126__ES,tanh_z_mr__k1.5__lb126,tanh_z_mr_signal_D_k_1.5_lookback_126,ES,4532,4532,-0.08920983503433613,-0.37831835836830824,-0.12685007489474917
tanh_z_mr__k1.5__lb126__NQ,tanh_z_mr__k1.5__lb126,tanh_z_mr_signal_D_k_1.5_lookback_126,NQ,4532,4532,-0.2266516738521935,-0.9611775331743182,-0.32268354058099263
tanh_z_mr__k2__lb126__ES,tanh_z_mr__k2__lb126,tanh_z_mr_signal_D_k_2_lookback_126,ES,4532,4532,-0.09220163791600003,-0.39100590514291017,-0.13110418796898932
tanh_z_mr__k2__lb126__NQ,tanh_z_mr__k2__lb126,tanh_z_mr_signal_D_k_2_lookback_126,NQ,4532,4532,-0.2114498448889754,-0.8967100787131939,-0.3010620345764147
tanh_z_mr__k1__lb252__ES,tanh_z_mr__k1__lb252,tanh_z_mr_signal_D_k_1_lookback_252,ES,4532,4532,-0.15955931220808106,-0.6766542840674901,-0.22797211323967556
tanh_z_mr__k1__lb252__NQ,tanh_z_mr__k1__lb252,tanh_z_mr_signal_D_k_1_lookback_252,NQ,4532,4417,-0.3790299442118532,-1.6073786731190414,-0.5341459948311899
tanh_z_mr__k1.5__lb252__ES,tanh_z_mr__k1.5__lb252,tanh_z_mr_signal_D_k_1.5_lookback_252,ES,4532,4532,-0.18292391561579457,-0.7757381844214205,-0.26092958711893066
tanh_z_mr__k1.5__lb252__NQ,tanh_z_mr__k1.5__lb252,tanh_z_mr_signal_D_k_1.5_lookback_252,NQ,4532,4417,-0.3966430539324117,-1.6820718137652257,-0.5574332431062009
tanh_z_mr__k2__lb252__ES,tanh_z_mr__k2__lb252,tanh_z_mr_signal_D_k_2_lookback_252,ES,4532,4532,-0.19207645634653153,-0.8145520011134788,-0.2738260484897359
tanh_z_mr__k2__lb252__NQ,tanh_z_mr__k2__lb252,tanh_z_mr_signal_D_k_2_lookback_252,NQ,4532,4417,-0.4070211320495775,-1.7260828521758793,-0.5714389190506773
