Start of Month,First 15 SPY-TLT,Last 5 SPY-TLT,First 5 SPY-TLT,Next Month First 5 SPY-TLT,First 15 SPY,Last 5 SPY,First 5 SPY,Next Month First 5 SPY,First 15 TLT,Last 5 TLT,First 5 TLT,Next Month First 5 TLT,First 15 Outperformance?,Rest of Month TLT,Long/Short Last 5 Days,Long Only Reversal,Long/Short Start of Month,Long Only Reversal Game Strat,Long Short SPY Reversal,Postive SPY Returns 1 to 15,Window Dressing,Strategy Ensemble
7/1/2002,6.27%,0.00%,6.27%,-4.82%,6.29%,0.00%,6.29%,-3.41%,0.02%,0.00%,0.02%,1.41%,100.00%,0.00%,0.00%,0.00%,-4.82%,-3.41%,0.00%,100.00%,-0.02%,-1.15%
8/1/2002,1.02%,-5.70%,-4.82%,-1.94%,4.91%,-4.23%,-3.41%,-1.23%,3.90%,1.47%,1.41%,0.71%,100.00%,3.96%,5.70%,1.47%,-1.94%,0.24%,4.23%,100.00%,2.55%,2.34%
9/1/2002,-12.65%,-2.59%,-1.94%,-2.87%,-8.82%,-2.26%,-1.23%,-3.31%,3.83%,0.33%,0.71%,-0.44%,0.00%,3.46%,-2.59%,-2.26%,2.87%,-2.26%,-2.26%,0.00%,2.75%,-0.59%
10/1/2002,16.07%,-4.40%,-2.87%,0.90%,9.75%,-1.85%,-3.31%,2.50%,-6.32%,2.56%,-0.44%,1.60%,100.00%,-3.32%,4.40%,2.56%,0.90%,5.06%,1.85%,100.00%,-2.89%,1.34%
11/1/2002,6.36%,0.55%,0.90%,-3.27%,6.10%,-0.12%,2.50%,-2.10%,-0.25%,-0.66%,1.60%,1.18%,100.00%,-2.52%,-0.55%,-0.66%,-3.27%,-2.76%,0.12%,100.00%,-4.11%,-2.25%
12/1/2002,-6.43%,-3.83%,-3.27%,5.32%,-3.86%,-1.98%,-2.10%,3.52%,2.57%,1.86%,1.18%,-1.80%,0.00%,3.25%,-3.83%,-1.98%,-5.32%,-1.98%,-1.98%,0.00%,2.07%,-0.63%
1/1/2003,1.82%,-3.73%,5.32%,-3.87%,0.54%,-3.03%,3.52%,-3.12%,-1.27%,0.70%,-1.80%,0.76%,100.00%,1.22%,3.73%,0.70%,-3.87%,-2.42%,3.03%,100.00%,3.02%,1.21%
2/1/2003,-3.76%,-0.65%,-3.87%,-2.35%,-2.66%,1.30%,-3.12%,-1.88%,1.10%,1.95%,0.76%,0.48%,0.00%,2.29%,-0.65%,1.30%,2.35%,1.30%,1.30%,0.00%,1.53%,1.38%
3/1/2003,10.49%,-8.91%,-2.35%,5.74%,5.86%,-5.65%,-1.88%,3.83%,-4.63%,3.26%,0.48%,-1.91%,100.00%,-1.85%,8.91%,3.26%,5.74%,7.09%,5.65%,100.00%,-2.33%,3.47%
4/1/2003,8.37%,-1.30%,5.74%,0.15%,7.50%,0.62%,3.83%,1.60%,-0.87%,1.92%,-1.91%,1.44%,100.00%,2.95%,1.30%,1.92%,0.15%,3.52%,-0.62%,100.00%,4.86%,2.58%
5/1/2003,-5.51%,4.72%,0.15%,2.42%,0.80%,4.54%,1.60%,2.35%,6.31%,-0.18%,1.44%,-0.06%,0.00%,4.69%,4.72%,4.54%,-2.42%,4.54%,-4.54%,100.00%,3.24%,1.08%
6/1/2003,3.37%,-0.49%,2.42%,5.79%,2.90%,-1.84%,2.35%,3.54%,-0.48%,-1.34%,-0.06%,-2.24%,100.00%,-1.76%,0.49%,-1.34%,5.79%,2.20%,1.84%,100.00%,-1.70%,0.78%
7/1/2003,8.17%,4.13%,5.79%,-3.12%,1.57%,0.22%,3.54%,-1.41%,-6.60%,-3.91%,-2.24%,1.71%,100.00%,-8.27%,-4.13%,-3.91%,-3.12%,-5.32%,-0.22%,100.00%,-6.02%,-3.86%
8/1/2003,0.86%,-0.12%,-3.12%,2.27%,1.38%,0.66%,-1.41%,2.18%,0.52%,0.78%,1.71%,-0.09%,100.00%,-0.42%,0.12%,0.78%,2.27%,2.96%,-0.66%,100.00%,-2.13%,0.06%
9/1/2003,-0.52%,-6.35%,2.27%,7.91%,1.47%,-2.57%,2.18%,4.22%,1.99%,3.78%,-0.09%,-3.69%,0.00%,5.86%,-6.35%,-2.57%,-7.91%,-2.57%,2.57%,100.00%,5.95%,1.98%
10/1/2003,9.12%,-0.83%,7.91%,1.89%,4.80%,0.42%,4.22%,0.29%,-4.33%,1.25%,-3.69%,-1.59%,100.00%,0.61%,0.83%,1.25%,1.89%,1.55%,-0.42%,100.00%,4.30%,1.81%
11/1/2003,-2.98%,3.72%,1.89%,-0.90%,-1.04%,2.13%,0.29%,0.38%,1.94%,-1.60%,-1.59%,1.28%,0.00%,1.93%,3.72%,2.13%,0.90%,2.13%,2.13%,0.00%,3.53%,2.59%
12/1/2003,0.00%,3.57%,-0.90%,1.86%,2.75%,2.16%,0.38%,1.87%,2.75%,-1.41%,1.28%,0.01%,0.00%,0.06%,3.57%,2.16%,-1.86%,2.16%,-2.16%,100.00%,-1.22%,-0.41%
1/1/2004,0.56%,-0.44%,1.86%,0.05%,2.79%,-0.83%,1.87%,0.85%,2.23%,-0.39%,0.01%,0.80%,100.00%,1.83%,0.44%,-0.39%,0.05%,0.46%,0.83%,100.00%,1.82%,1.04%
2/1/2004,-0.40%,-0.51%,0.05%,-0.33%,0.97%,0.37%,0.85%,1.18%,1.37%,0.88%,0.80%,1.50%,0.00%,1.45%,-0.51%,0.37%,0.33%,0.37%,-0.37%,100.00%,0.65%,0.22%
3/1/2004,-5.53%,2.80%,-0.33%,4.65%,-3.15%,1.82%,1.18%,1.34%,2.38%,-0.98%,1.50%,-3.31%,0.00%,-0.10%,2.80%,1.82%,-4.65%,1.82%,1.82%,0.00%,-1.60%,0.68%
4/1/2004,6.40%,-1.88%,4.65%,1.52%,1.01%,-2.92%,1.34%,-0.91%,-5.39%,-1.05%,-3.31%,-2.42%,100.00%,-3.13%,1.88%,-1.05%,1.52%,-1.95%,2.92%,100.00%,0.18%,0.38%
5/1/2004,0.87%,1.09%,1.52%,3.15%,-1.04%,2.74%,-0.91%,1.62%,-1.91%,1.65%,-2.42%,-1.53%,100.00%,2.17%,-1.09%,1.65%,3.15%,3.27%,2.74%,0.00%,4.59%,3.53%
6/1/2004,1.63%,-0.85%,3.15%,-3.90%,1.17%,0.67%,1.62%,-2.74%,-0.47%,1.52%,-1.53%,1.16%,100.00%,2.58%,0.85%,1.52%,-3.90%,-1.22%,-0.67%,100.00%,4.11%,0.74%
7/1/2004,-5.76%,0.96%,-3.90%,-6.20%,-4.14%,0.87%,-2.74%,-3.67%,1.61%,-0.09%,1.16%,2.53%,0.00%,0.36%,0.96%,0.87%,6.20%,0.87%,0.87%,0.00%,-0.81%,0.31%
8/1/2004,-2.99%,-0.84%,-6.20%,1.45%,-0.33%,0.57%,-3.67%,1.31%,2.67%,1.41%,2.53%,-0.14%,0.00%,1.55%,-0.84%,0.57%,-1.45%,0.57%,0.57%,0.00%,-0.98%,0.05%
9/1/2004,-1.74%,1.80%,1.45%,2.75%,0.81%,0.19%,1.31%,1.50%,2.55%,-1.61%,-0.14%,-1.25%,0.00%,1.08%,1.80%,0.19%,-2.75%,0.19%,-0.19%,100.00%,1.22%,0.41%
10/1/2004,-2.41%,1.94%,2.75%,4.97%,-0.47%,1.75%,1.50%,3.54%,1.94%,-0.19%,-1.25%,-1.43%,0.00%,3.00%,1.94%,1.75%,-4.97%,1.75%,1.75%,0.00%,4.24%,2.58%
11/1/2004,4.87%,1.91%,4.97%,-1.27%,3.96%,0.40%,3.54%,0.18%,-0.92%,-1.51%,-1.43%,1.45%,100.00%,-1.00%,-1.91%,-1.51%,-1.27%,-1.33%,-0.40%,100.00%,0.43%,-0.43%
12/1/2004,-0.38%,0.73%,-1.27%,-2.02%,2.57%,0.40%,0.18%,-2.03%,2.95%,-0.33%,1.45%,-0.01%,0.00%,1.17%,0.73%,0.40%,2.02%,0.40%,-0.40%,100.00%,-0.28%,-0.09%
1/1/2005,-6.81%,1.03%,-2.02%,-0.54%,-3.64%,1.37%,-2.03%,1.60%,3.17%,0.34%,-0.01%,2.14%,0.00%,3.52%,1.03%,1.37%,0.54%,1.37%,1.37%,0.00%,3.53%,2.09%
2/1/2005,1.37%,2.18%,-0.54%,0.52%,0.37%,1.70%,1.60%,1.77%,-1.00%,-0.49%,2.14%,1.25%,100.00%,-3.62%,-2.18%,-0.49%,0.52%,1.29%,-1.70%,100.00%,-5.76%,-2.06%
3/1/2005,-0.25%,-1.14%,0.52%,1.49%,-1.73%,-0.12%,1.77%,1.08%,-1.48%,1.02%,1.25%,-0.41%,0.00%,-1.71%,-1.14%,-0.12%,-1.49%,-0.12%,-0.12%,0.00%,-2.96%,-1.07%
4/1/2005,-3.61%,-2.07%,1.49%,2.30%,-1.67%,-0.22%,1.08%,1.15%,1.95%,1.85%,-0.41%,-1.15%,0.00%,4.20%,-2.07%,-0.22%,-2.30%,-0.22%,-0.22%,0.00%,4.60%,1.39%
5/1/2005,1.44%,-1.35%,2.30%,-1.40%,2.87%,0.30%,1.15%,0.54%,1.43%,1.66%,-1.15%,1.94%,100.00%,4.24%,1.35%,1.66%,-1.40%,2.20%,-0.30%,100.00%,5.38%,2.43%
6/1/2005,1.84%,-3.82%,-1.40%,3.60%,2.05%,-1.90%,0.54%,1.78%,0.22%,1.92%,1.94%,-1.82%,100.00%,0.20%,3.82%,1.92%,3.60%,3.70%,1.90%,100.00%,-1.74%,1.29%
7/1/2005,6.56%,0.63%,3.60%,0.50%,3.59%,0.16%,1.78%,-0.70%,-2.96%,-0.47%,-1.82%,-1.20%,100.00%,-1.62%,-0.63%,-0.47%,0.50%,-1.17%,-0.16%,100.00%,0.20%,-0.38%
8/1/2005,-2.12%,-2.24%,0.50%,2.81%,-1.03%,0.09%,-0.70%,0.75%,1.09%,2.33%,-1.20%,-2.06%,0.00%,4.62%,-2.24%,0.09%,-2.81%,0.09%,0.09%,0.00%,5.81%,2.00%
9/1/2005,1.89%,2.59%,2.81%,-2.83%,-0.60%,1.39%,0.75%,-2.83%,-2.48%,-1.20%,-2.06%,0.01%,100.00%,-1.61%,-2.59%,-1.20%,-2.83%,-4.02%,1.39%,0.00%,0.45%,-0.73%
10/1/2005,-3.63%,3.50%,-2.83%,2.82%,-4.07%,1.68%,-2.83%,1.73%,-0.44%,-1.82%,0.01%,-1.08%,0.00%,-2.27%,3.50%,1.68%,-2.82%,1.68%,1.68%,0.00%,-2.27%,0.36%
11/1/2005,3.44%,0.18%,2.82%,0.47%,4.58%,-0.28%,1.73%,0.53%,1.14%,-0.45%,-1.08%,0.07%,100.00%,1.77%,-0.18%,-0.45%,0.47%,0.08%,0.28%,100.00%,2.85%,1.07%
12/1/2005,0.01%,-3.14%,0.47%,3.49%,1.02%,-1.21%,0.53%,3.36%,1.01%,1.93%,0.07%,-0.13%,100.00%,2.87%,3.14%,1.93%,3.49%,5.29%,1.21%,100.00%,2.80%,3.10%
1/1/2006,1.63%,2.46%,3.49%,-2.24%,1.63%,0.75%,3.36%,-1.60%,0.00%,-1.71%,-0.13%,0.64%,100.00%,-1.58%,-2.46%,-1.71%,-2.24%,-3.31%,-0.75%,100.00%,-1.45%,-1.84%
2/1/2006,-0.17%,-0.38%,-2.24%,2.14%,1.38%,-0.81%,-1.60%,-0.20%,1.54%,-0.43%,0.64%,-2.34%,0.00%,0.47%,-0.38%,-0.81%,-2.14%,-0.81%,0.81%,100.00%,-0.17%,-0.06%
3/1/2006,3.88%,2.46%,2.14%,1.08%,1.45%,0.19%,-0.20%,-0.22%,-2.43%,-2.27%,-2.34%,-1.30%,100.00%,-2.36%,-2.46%,-2.27%,1.08%,-2.50%,-0.19%,100.00%,-0.02%,-0.90%
4/1/2006,2.08%,1.98%,1.08%,0.67%,0.83%,0.43%,-0.22%,0.80%,-1.25%,-1.55%,-1.30%,0.12%,100.00%,-1.50%,-1.98%,-1.55%,0.67%,-0.76%,-0.43%,100.00%,-0.20%,-0.46%
5/1/2006,-4.49%,1.23%,0.67%,-3.39%,-3.38%,0.32%,0.80%,-1.30%,1.11%,-0.90%,0.12%,2.09%,0.00%,0.08%,1.23%,0.32%,3.39%,0.32%,0.32%,0.00%,-0.04%,0.20%
6/1/2006,-2.41%,1.50%,-3.39%,-0.79%,-1.54%,1.80%,-1.30%,-0.34%,0.87%,0.30%,2.09%,0.45%,0.00%,-0.92%,1.50%,1.80%,0.79%,1.80%,1.80%,0.00%,-3.01%,0.20%
7/1/2006,-2.36%,0.67%,-0.79%,-1.01%,-0.84%,1.29%,-0.34%,0.04%,1.52%,0.62%,0.45%,1.05%,0.00%,1.69%,0.67%,1.29%,1.01%,1.29%,1.29%,0.00%,1.24%,1.28%
8/1/2006,-0.10%,-0.75%,-1.01%,0.18%,1.77%,0.39%,0.04%,-0.28%,1.87%,1.14%,1.05%,-0.46%,0.00%,1.96%,-0.75%,0.39%,-0.18%,0.39%,-0.39%,100.00%,0.91%,0.30%
9/1/2006,-1.05%,1.82%,0.18%,1.95%,1.07%,1.59%,-0.28%,1.06%,2.12%,-0.22%,-0.46%,-0.89%,0.00%,2.35%,1.82%,1.59%,-1.95%,1.59%,-1.59%,100.00%,2.81%,0.94%
10/1/2006,4.12%,-1.47%,1.95%,0.50%,2.41%,0.69%,1.06%,0.59%,-1.71%,2.16%,-0.89%,0.09%,100.00%,1.34%,1.47%,2.16%,0.50%,2.75%,-0.69%,100.00%,2.23%,1.43%
11/1/2006,0.72%,-1.04%,0.50%,0.38%,2.05%,-0.08%,0.59%,0.45%,1.33%,0.96%,0.09%,0.07%,100.00%,2.20%,1.04%,0.96%,0.38%,1.41%,0.08%,100.00%,2.10%,1.20%
12/1/2006,2.17%,1.51%,0.38%,-1.45%,1.33%,0.00%,0.45%,-0.39%,-0.84%,-1.51%,0.07%,1.06%,100.00%,-2.41%,-1.51%,-1.51%,-1.45%,-1.90%,0.00%,100.00%,-2.48%,-1.46%
1/1/2007,2.56%,0.34%,-1.45%,-0.39%,1.63%,-0.14%,-0.39%,1.01%,-0.93%,-0.48%,1.06%,1.40%,100.00%,-2.47%,-0.34%,-0.48%,-0.39%,0.53%,0.14%,100.00%,-3.53%,-0.95%
2/1/2007,-0.11%,-5.62%,-0.39%,-1.67%,1.46%,-3.45%,1.01%,-0.98%,1.57%,2.18%,1.40%,0.69%,0.00%,2.35%,-5.62%,-3.45%,1.67%,-3.45%,3.45%,100.00%,0.95%,0.32%
3/1/2007,2.12%,0.75%,-1.67%,2.60%,2.06%,-0.90%,-0.98%,1.70%,-0.06%,-1.65%,0.69%,-0.90%,100.00%,-2.41%,-0.75%,-1.65%,2.60%,0.05%,0.90%,100.00%,-3.10%,-0.71%
4/1/2007,3.59%,0.21%,2.60%,0.94%,4.18%,0.16%,1.70%,1.78%,0.58%,-0.06%,-0.90%,0.84%,100.00%,1.42%,-0.21%,-0.06%,0.94%,1.72%,-0.16%,100.00%,2.32%,1.30%
5/1/2007,3.86%,1.44%,0.94%,-0.24%,2.83%,0.51%,1.78%,-2.79%,-1.04%,-0.93%,0.84%,-2.56%,100.00%,-2.81%,-1.44%,-0.93%,-0.24%,-3.72%,-0.51%,100.00%,-3.65%,-2.63%
6/1/2007,2.88%,-3.34%,-0.24%,3.02%,-0.45%,-1.03%,-2.79%,1.76%,-3.33%,2.32%,-2.56%,-1.26%,100.00%,1.54%,3.34%,2.32%,3.02%,4.08%,-1.03%,0.00%,4.09%,2.38%
7/1/2007,1.18%,-7.63%,3.02%,1.51%,2.33%,-5.51%,1.76%,1.40%,1.14%,2.12%,-1.26%,-0.11%,100.00%,4.53%,7.63%,2.12%,1.51%,3.52%,5.51%,100.00%,5.79%,4.94%
8/1/2007,-0.48%,-0.02%,1.51%,-3.99%,-0.54%,1.82%,1.40%,-1.23%,-0.07%,1.84%,-0.11%,2.76%,0.00%,1.89%,-0.02%,1.82%,3.99%,1.82%,1.82%,0.00%,2.00%,1.88%
9/1/2007,3.64%,-0.07%,-3.99%,2.23%,3.21%,0.59%,-1.23%,2.12%,-0.43%,0.66%,2.76%,-0.11%,100.00%,-2.54%,0.07%,0.66%,2.23%,2.78%,-0.59%,100.00%,-5.30%,-1.04%
10/1/2007,-4.26%,3.81%,2.23%,-5.71%,-1.93%,3.27%,2.12%,-4.46%,2.33%,-0.53%,-0.11%,1.25%,0.00%,1.91%,3.81%,3.27%,5.71%,3.27%,3.27%,0.00%,2.02%,2.85%
11/1/2007,-12.98%,3.82%,-5.71%,3.93%,-8.76%,4.81%,-4.46%,1.50%,4.22%,0.99%,1.25%,-2.43%,0.00%,3.96%,3.82%,4.81%,-3.93%,4.81%,4.81%,0.00%,2.70%,4.11%
12/1/2007,2.68%,-3.19%,3.93%,-6.75%,0.16%,-1.30%,1.50%,-5.12%,-2.52%,1.89%,-2.43%,1.63%,100.00%,1.80%,3.19%,1.89%,-6.75%,-3.24%,1.30%,100.00%,4.23%,0.77%
1/1/2008,-12.25%,3.95%,-6.75%,-0.38%,-8.82%,2.59%,-5.12%,-2.54%,3.43%,-1.36%,1.63%,-2.16%,0.00%,0.44%,3.95%,2.59%,0.38%,2.59%,2.59%,0.00%,-1.18%,1.33%
2/1/2008,1.55%,-3.71%,-0.38%,-1.35%,-1.28%,-1.34%,-2.54%,-3.12%,-2.83%,2.37%,-2.16%,-1.77%,100.00%,1.70%,3.71%,2.37%,-1.35%,-0.75%,-1.34%,0.00%,3.86%,0.59%
3/1/2008,-0.34%,-2.68%,-1.35%,4.53%,1.16%,-2.06%,-3.12%,3.71%,1.50%,0.62%,-1.77%,-0.82%,0.00%,3.89%,-2.68%,-2.06%,-4.53%,-2.06%,2.06%,100.00%,5.67%,1.89%
4/1/2008,7.34%,-0.18%,4.53%,2.47%,4.87%,-0.21%,3.71%,0.91%,-2.48%,-0.03%,-0.82%,-1.56%,100.00%,-1.69%,0.18%,-0.03%,2.47%,0.88%,0.21%,100.00%,-0.87%,0.07%
5/1/2008,1.23%,3.00%,2.47%,-3.83%,0.89%,0.61%,0.91%,-2.94%,-0.34%,-2.39%,-1.56%,0.89%,100.00%,-1.17%,-3.00%,-2.39%,-3.83%,-5.32%,-0.61%,100.00%,0.40%,-1.85%
6/1/2008,-5.78%,-5.55%,-3.83%,-1.75%,-5.95%,-2.77%,-2.94%,-0.58%,-0.16%,2.78%,0.89%,1.17%,0.00%,1.73%,-5.55%,-2.77%,1.75%,-2.77%,-2.77%,0.00%,0.83%,-1.57%
7/1/2008,1.43%,-1.96%,-1.75%,-0.31%,-0.39%,-0.51%,-0.58%,0.14%,-1.82%,1.45%,1.17%,0.45%,100.00%,-1.54%,1.96%,1.45%,-0.31%,1.59%,-0.51%,0.00%,-2.71%,-0.54%
8/1/2008,-1.19%,0.02%,-0.31%,-3.92%,0.76%,0.77%,0.14%,-1.41%,1.95%,0.75%,0.45%,2.51%,0.00%,2.25%,0.02%,0.77%,3.92%,0.77%,-0.77%,100.00%,1.80%,0.60%
9/1/2008,-5.92%,-5.46%,-3.92%,-19.22%,-5.43%,-4.48%,-1.41%,-14.80%,0.49%,0.97%,2.51%,4.42%,0.00%,-1.05%,-5.46%,-4.48%,19.22%,-4.48%,-4.48%,0.00%,-3.56%,-4.18%
10/1/2008,-19.62%,3.44%,-19.22%,-5.04%,-19.06%,1.01%,-14.80%,-3.12%,0.55%,-2.44%,4.42%,1.93%,0.00%,-6.30%,3.44%,1.01%,5.04%,1.01%,1.01%,0.00%,-10.73%,-2.90%
11/1/2008,-30.41%,9.80%,-5.04%,-7.15%,-19.69%,12.48%,-3.12%,-2.43%,10.72%,2.68%,1.93%,4.73%,0.00%,11.47%,9.80%,12.48%,7.15%,12.48%,12.48%,0.00%,9.55%,11.50%
12/1/2008,-16.18%,4.37%,-7.15%,6.74%,-1.32%,2.30%,-2.43%,0.88%,14.86%,-2.07%,4.73%,-5.86%,0.00%,8.06%,4.37%,2.30%,-6.74%,2.30%,2.30%,0.00%,3.33%,2.64%
1/1/2009,2.05%,3.39%,6.74%,6.04%,-8.23%,-0.34%,0.88%,4.89%,-10.28%,-3.73%,-5.86%,-1.15%,100.00%,-8.15%,-3.39%,-3.73%,6.04%,1.16%,-0.34%,0.00%,-2.29%,-0.49%
2/1/2009,-11.75%,1.93%,6.04%,-9.60%,-10.40%,-0.97%,4.89%,-7.02%,1.35%,-2.90%,-1.15%,2.58%,0.00%,-0.40%,1.93%,-0.97%,9.60%,-0.97%,-0.97%,0.00%,0.75%,-0.40%
3/1/2009,2.17%,1.89%,-9.60%,5.21%,4.42%,3.60%,-7.02%,2.64%,2.26%,1.71%,2.58%,-2.57%,100.00%,1.38%,-1.89%,1.71%,5.21%,4.35%,-3.60%,100.00%,-1.20%,-0.15%
4/1/2009,9.80%,6.88%,5.21%,7.05%,6.12%,3.35%,2.64%,3.86%,-3.68%,-3.53%,-2.57%,-3.19%,100.00%,-4.64%,-6.88%,-3.53%,7.05%,0.33%,-3.35%,100.00%,-2.08%,-1.70%
5/1/2009,5.36%,4.09%,7.05%,6.53%,2.03%,3.65%,3.86%,2.16%,-3.33%,-0.43%,-3.19%,-4.37%,100.00%,-0.57%,-4.09%,-0.43%,6.53%,1.73%,-3.65%,100.00%,2.62%,0.23%
6/1/2009,2.36%,-3.19%,6.53%,-6.73%,0.03%,-0.10%,2.16%,-4.39%,-2.33%,3.09%,-4.37%,2.34%,100.00%,5.13%,3.19%,3.09%,-6.73%,-1.30%,0.10%,100.00%,9.50%,2.77%
7/1/2009,5.50%,1.12%,-6.73%,6.71%,3.84%,3.35%,-4.39%,2.39%,-1.66%,2.24%,2.34%,-4.32%,100.00%,-1.77%,-1.12%,2.24%,6.71%,4.63%,-3.35%,100.00%,-4.11%,-0.94%
8/1/2009,4.89%,-3.47%,6.71%,2.30%,4.12%,-0.50%,2.39%,0.47%,-0.76%,2.97%,-4.32%,-1.84%,100.00%,6.53%,3.47%,2.97%,2.30%,3.44%,0.50%,100.00%,10.86%,4.93%
9/1/2009,4.99%,-3.94%,2.30%,-0.64%,4.88%,-1.39%,0.47%,0.20%,-0.12%,2.55%,-1.84%,0.84%,100.00%,4.27%,3.94%,2.55%,-0.64%,2.74%,1.39%,100.00%,6.10%,3.41%
10/1/2009,4.75%,-4.04%,-0.64%,5.66%,2.47%,-4.41%,0.20%,3.39%,-2.28%,-0.38%,0.84%,-2.27%,100.00%,-3.50%,4.04%,-0.38%,5.66%,3.01%,4.41%,100.00%,-4.34%,1.03%
11/1/2009,5.88%,-1.11%,5.66%,3.83%,5.51%,0.46%,3.39%,0.82%,-0.37%,1.57%,-2.27%,-3.01%,100.00%,3.47%,1.11%,1.57%,3.83%,2.39%,-0.46%,100.00%,5.74%,2.56%
12/1/2009,7.32%,1.13%,3.83%,3.44%,1.79%,0.10%,0.82%,2.77%,-5.53%,-1.03%,-3.01%,-0.67%,100.00%,-3.54%,-1.13%,-1.03%,3.44%,1.74%,-0.10%,100.00%,-0.53%,0.37%
1/1/2010,-3.37%,-2.99%,3.44%,-0.68%,-1.51%,-2.19%,2.77%,-0.68%,1.86%,0.79%,-0.67%,0.00%,0.00%,3.33%,-2.99%,-2.19%,0.68%,-2.19%,-2.19%,0.00%,4.00%,-0.13%
2/1/2010,6.66%,-3.24%,-0.68%,4.34%,3.45%,-0.38%,-0.68%,3.12%,-3.21%,2.87%,0.00%,-1.22%,100.00%,-0.34%,3.24%,2.87%,4.34%,5.99%,0.38%,100.00%,-0.34%,2.01%
3/1/2010,5.16%,2.83%,4.34%,1.95%,5.03%,0.88%,3.12%,1.50%,-0.13%,-1.95%,-1.22%,-0.45%,100.00%,-0.86%,-2.83%,-1.95%,1.95%,-0.45%,-0.88%,100.00%,0.37%,-0.32%
4/1/2010,1.97%,-3.71%,1.95%,-10.59%,3.38%,-1.84%,1.50%,-6.57%,1.41%,1.86%,-0.45%,4.02%,100.00%,3.72%,3.71%,1.86%,-10.59%,-4.70%,1.84%,100.00%,4.16%,0.43%
5/1/2010,-15.48%,2.22%,-10.59%,-6.04%,-8.52%,0.24%,-6.57%,-3.61%,6.96%,-1.98%,4.02%,2.43%,0.00%,0.96%,2.22%,0.24%,6.04%,0.24%,0.24%,0.00%,-3.07%,-0.86%
6/1/2010,1.05%,-11.99%,-6.04%,5.39%,2.32%,-7.64%,-3.61%,3.75%,1.27%,4.36%,2.43%,-1.64%,100.00%,3.21%,11.99%,4.36%,5.39%,8.11%,7.64%,100.00%,0.78%,5.51%
7/1/2010,6.45%,1.10%,5.39%,1.96%,5.87%,0.74%,3.75%,1.90%,-0.58%,-0.37%,-1.64%,-0.05%,100.00%,0.69%,-1.10%,-0.37%,1.96%,1.54%,-0.74%,100.00%,2.33%,1.04%
8/1/2010,-8.23%,-4.43%,1.96%,7.89%,-2.52%,-2.09%,1.90%,4.73%,5.71%,2.35%,-0.05%,-3.16%,0.00%,8.11%,-4.43%,-2.09%,-7.89%,-2.09%,-2.09%,0.00%,8.16%,1.33%
9/1/2010,11.36%,-0.23%,7.89%,1.95%,7.95%,0.62%,4.73%,1.53%,-3.40%,0.86%,-3.16%,-0.42%,100.00%,0.62%,0.23%,0.86%,1.95%,2.39%,-0.62%,100.00%,3.78%,1.85%
10/1/2010,7.74%,0.58%,1.95%,5.65%,3.44%,0.30%,1.53%,3.51%,-4.29%,-0.28%,-0.42%,-2.14%,100.00%,-4.15%,-0.58%,-0.28%,5.65%,3.23%,-0.30%,100.00%,-3.74%,-0.27%
11/1/2010,5.08%,-3.37%,5.65%,7.65%,1.51%,-1.51%,3.51%,3.60%,-3.57%,1.87%,-2.14%,-4.05%,100.00%,0.44%,3.37%,1.87%,7.65%,5.46%,1.51%,100.00%,2.58%,3.18%
12/1/2010,10.64%,-0.41%,7.65%,3.00%,6.18%,0.29%,3.60%,1.10%,-4.45%,0.70%,-4.05%,-1.90%,100.00%,0.30%,0.41%,0.70%,3.00%,1.80%,-0.29%,100.00%,4.35%,1.95%
1/1/2011,5.39%,0.05%,3.00%,4.33%,2.63%,-0.33%,1.10%,2.52%,-2.76%,-0.37%,-1.90%,-1.81%,100.00%,-1.23%,-0.05%,-0.37%,4.33%,2.15%,0.33%,100.00%,0.67%,1.05%
2/1/2011,2.49%,-0.72%,4.33%,0.76%,2.42%,1.00%,2.52%,-1.30%,-0.08%,1.71%,-1.81%,-2.06%,100.00%,3.45%,0.72%,1.71%,0.76%,0.41%,-1.00%,100.00%,5.25%,1.56%
3/1/2011,-3.03%,3.02%,0.76%,2.07%,-2.16%,2.17%,-1.30%,0.55%,0.87%,-0.84%,-2.06%,-1.52%,0.00%,2.08%,3.02%,2.17%,-2.07%,2.17%,2.17%,0.00%,4.14%,2.83%
4/1/2011,-0.03%,0.58%,2.07%,-3.32%,0.89%,1.96%,0.55%,-1.65%,0.93%,1.38%,-1.52%,1.68%,0.00%,3.83%,0.58%,1.96%,3.32%,1.96%,-1.96%,100.00%,5.35%,1.78%
5/1/2011,-4.03%,-0.47%,-3.32%,-4.19%,-2.09%,0.96%,-1.65%,-4.50%,1.94%,1.43%,1.68%,-0.31%,0.00%,1.69%,-0.47%,0.96%,4.19%,0.96%,0.96%,0.00%,0.01%,0.65%
6/1/2011,-3.89%,4.54%,-4.19%,0.14%,-3.63%,1.93%,-4.50%,1.82%,0.26%,-2.61%,-0.31%,1.68%,0.00%,-2.04%,4.54%,1.93%,-0.14%,1.93%,1.93%,0.00%,-1.73%,0.71%
7/1/2011,-0.43%,-5.91%,0.14%,-12.15%,1.96%,-3.98%,1.82%,-7.42%,2.39%,1.93%,1.68%,4.72%,0.00%,2.64%,-5.91%,-3.98%,12.15%,-3.98%,3.98%,100.00%,0.96%,0.32%
8/1/2011,-26.86%,11.98%,-12.15%,-7.93%,-13.82%,8.16%,-7.42%,-2.64%,13.05%,-3.82%,4.72%,5.29%,0.00%,4.50%,11.98%,8.16%,7.93%,8.16%,8.16%,0.00%,-0.22%,5.37%
9/1/2011,-21.75%,2.16%,-7.93%,4.13%,-7.45%,0.26%,-2.64%,2.24%,14.30%,-1.90%,5.29%,-1.90%,0.00%,7.11%,2.16%,0.26%,-4.13%,0.26%,0.26%,0.00%,1.82%,0.78%
10/1/2011,15.45%,-1.18%,4.13%,-0.80%,9.13%,1.23%,2.24%,0.60%,-6.31%,2.40%,-1.90%,1.40%,100.00%,-2.02%,1.18%,2.40%,-0.80%,3.01%,-1.23%,100.00%,-0.12%,0.55%
11/1/2011,-8.55%,6.18%,-0.80%,1.30%,-4.77%,4.36%,0.60%,1.38%,3.79%,-1.82%,1.40%,0.09%,0.00%,0.56%,6.18%,4.36%,-1.30%,4.36%,4.36%,0.00%,-0.84%,2.63%
12/1/2011,-1.30%,-1.04%,1.30%,4.27%,-0.03%,1.07%,1.38%,1.99%,1.28%,2.11%,0.09%,-2.28%,0.00%,3.30%,-1.04%,1.07%,-4.27%,1.07%,1.07%,0.00%,3.21%,1.78%
1/1/2012,8.68%,-3.82%,4.27%,6.23%,4.64%,-0.11%,1.99%,2.61%,-4.04%,3.71%,-2.28%,-3.62%,100.00%,1.95%,3.82%,3.71%,6.23%,6.32%,0.11%,100.00%,4.22%,3.55%
2/1/2012,6.74%,0.14%,6.23%,-0.76%,3.52%,0.73%,2.61%,-0.98%,-3.22%,0.59%,-3.62%,-0.21%,100.00%,0.99%,-0.14%,0.59%,-0.76%,-0.39%,-0.73%,100.00%,4.61%,1.17%
3/1/2012,7.43%,0.06%,-0.76%,-5.06%,2.74%,0.43%,-0.98%,-1.86%,-4.69%,0.37%,-0.21%,3.20%,100.00%,-4.11%,-0.06%,0.37%,-5.06%,-1.49%,-0.43%,100.00%,-3.90%,-1.94%
4/1/2012,-8.13%,2.74%,-5.06%,-2.96%,-2.90%,2.23%,-1.86%,-2.00%,5.23%,-0.51%,3.20%,0.96%,0.00%,1.52%,2.74%,2.23%,2.96%,2.23%,2.23%,0.00%,-1.68%,0.92%
5/1/2012,-11.55%,-3.29%,-2.96%,2.11%,-5.81%,-0.38%,-2.00%,0.44%,5.73%,2.91%,0.96%,-1.67%,0.00%,7.69%,-3.29%,-0.38%,-2.11%,-0.38%,-0.38%,0.00%,6.73%,1.99%
6/1/2012,1.75%,3.92%,2.11%,-3.14%,1.25%,2.73%,0.44%,-0.57%,-0.50%,-1.20%,-1.67%,2.57%,100.00%,-0.03%,-3.92%,-1.20%,-3.14%,-1.77%,-2.73%,100.00%,1.63%,-0.96%
7/1/2012,-5.33%,2.76%,-3.14%,4.70%,-0.74%,1.92%,-0.57%,1.88%,4.58%,-0.84%,2.57%,-2.82%,0.00%,1.18%,2.76%,1.92%,-4.70%,1.92%,1.92%,0.00%,-1.39%,0.82%
8/1/2012,8.49%,-4.69%,4.70%,4.13%,2.90%,-0.42%,1.88%,1.65%,-5.59%,4.26%,-2.82%,-2.48%,100.00%,1.49%,4.69%,4.26%,4.13%,5.91%,0.42%,100.00%,4.31%,3.55%
9/1/2012,7.62%,-2.55%,4.13%,3.79%,3.66%,-1.16%,1.65%,1.50%,-3.96%,1.39%,-2.48%,-2.29%,100.00%,-0.09%,2.55%,1.39%,3.79%,2.89%,1.16%,100.00%,2.39%,2.15%
10/1/2012,1.40%,-2.75%,3.79%,-1.90%,-0.40%,-1.43%,1.50%,-1.16%,-1.81%,1.32%,-2.29%,0.74%,100.00%,1.81%,2.75%,1.32%,-1.90%,0.16%,-1.43%,0.00%,4.10%,0.94%
11/1/2012,-2.36%,1.55%,-1.90%,0.28%,-1.35%,1.92%,-1.16%,0.18%,1.00%,0.37%,0.74%,-0.09%,0.00%,0.64%,1.55%,1.92%,-0.28%,1.92%,1.92%,0.00%,-0.10%,1.24%
12/1/2012,3.02%,0.39%,0.28%,3.80%,1.16%,-0.27%,0.18%,2.18%,-1.86%,-0.66%,-0.09%,-1.62%,100.00%,-2.43%,-0.39%,-0.66%,3.80%,1.52%,0.27%,100.00%,-2.33%,-0.18%
1/1/2013,5.68%,2.55%,3.80%,1.17%,4.77%,0.22%,2.18%,0.84%,-0.90%,-2.33%,-1.62%,-0.33%,100.00%,-1.61%,-2.55%,-2.33%,1.17%,-1.50%,-0.22%,100.00%,0.01%,-0.57%
2/1/2013,1.47%,-1.44%,1.17%,4.03%,1.45%,-0.18%,0.84%,2.07%,-0.02%,1.26%,-0.33%,-1.96%,100.00%,1.56%,1.44%,1.26%,4.03%,3.33%,0.18%,100.00%,1.90%,1.80%
3/1/2013,3.11%,1.04%,4.03%,-5.39%,2.24%,1.49%,2.07%,-0.97%,-0.86%,0.44%,-1.96%,4.42%,100.00%,1.54%,-1.04%,0.44%,-5.39%,-0.53%,-1.49%,100.00%,3.50%,0.50%
4/1/2013,-5.19%,2.52%,-5.39%,3.95%,-0.76%,2.67%,-0.97%,1.81%,4.43%,0.15%,4.42%,-2.13%,0.00%,0.15%,2.52%,2.67%,-3.95%,2.67%,2.67%,0.00%,-4.27%,0.35%
5/1/2013,8.67%,0.67%,3.95%,1.72%,4.58%,-2.25%,1.81%,0.82%,-4.08%,-2.92%,-2.13%,-0.89%,100.00%,-4.87%,-0.67%,-2.92%,1.72%,-2.10%,2.25%,100.00%,-2.73%,-0.86%
6/1/2013,3.00%,-1.02%,1.72%,4.84%,-2.19%,0.85%,0.82%,2.18%,-5.19%,1.86%,-0.89%,-2.67%,100.00%,-2.43%,1.02%,1.86%,4.84%,4.04%,0.85%,0.00%,-1.54%,1.12%
7/1/2013,6.26%,1.06%,4.84%,0.86%,5.51%,-0.47%,2.18%,0.28%,-0.76%,-1.53%,-2.67%,-0.58%,100.00%,0.38%,-1.06%,-1.53%,0.86%,-1.25%,0.47%,100.00%,3.05%,0.75%
8/1/2013,2.56%,-4.26%,0.86%,4.90%,-2.49%,-0.55%,0.28%,2.40%,-5.05%,3.71%,-0.58%,-2.50%,100.00%,-0.76%,4.26%,3.71%,4.90%,6.11%,-0.55%,0.00%,-0.18%,1.79%
9/1/2013,4.27%,-1.81%,4.90%,-0.36%,4.26%,-1.14%,2.40%,-0.35%,-0.02%,0.67%,-2.50%,0.02%,100.00%,3.15%,1.81%,0.67%,-0.36%,0.32%,1.14%,100.00%,5.65%,2.37%
10/1/2013,3.19%,-0.08%,-0.36%,0.81%,3.73%,0.79%,-0.35%,-0.49%,0.54%,0.88%,0.02%,-1.30%,100.00%,1.40%,0.08%,0.88%,0.81%,0.39%,-0.79%,100.00%,1.39%,0.33%
11/1/2013,6.50%,-0.84%,0.81%,1.14%,2.32%,0.60%,-0.49%,-0.03%,-4.18%,1.45%,-1.30%,-1.18%,100.00%,-1.44%,0.84%,1.45%,1.14%,1.41%,-0.60%,100.00%,-0.13%,0.23%
12/1/2013,0.74%,3.70%,1.14%,-1.34%,0.85%,1.71%,-0.03%,-0.64%,0.11%,-1.99%,-1.18%,0.70%,100.00%,-0.71%,-3.70%,-1.99%,-1.34%,-2.63%,-1.71%,100.00%,0.47%,-1.29%
1/1/2014,-5.76%,-3.94%,-1.34%,1.97%,-1.03%,-2.55%,-0.64%,0.84%,4.73%,1.39%,0.70%,-1.13%,0.00%,5.41%,-3.94%,-2.55%,-1.97%,-2.55%,-2.55%,0.00%,4.70%,-0.14%
2/1/2014,5.21%,-1.28%,1.97%,3.31%,3.71%,0.74%,0.84%,1.05%,-1.50%,2.02%,-1.13%,-2.26%,100.00%,1.65%,1.28%,2.02%,3.31%,3.07%,-0.74%,100.00%,2.79%,1.70%
3/1/2014,0.47%,-0.37%,3.31%,-1.71%,0.39%,0.43%,1.05%,-1.44%,-0.07%,0.80%,-2.26%,0.27%,100.00%,2.99%,0.37%,0.80%,-1.71%,-0.64%,-0.43%,100.00%,5.24%,1.39%
4/1/2014,-0.91%,-0.47%,-1.71%,-1.35%,0.47%,0.22%,-1.44%,-0.23%,1.38%,0.70%,0.27%,1.12%,0.00%,1.81%,-0.47%,0.22%,1.35%,0.22%,-0.22%,100.00%,1.54%,0.51%
5/1/2014,-0.84%,0.23%,-1.35%,3.36%,0.43%,1.86%,-0.23%,1.39%,1.28%,1.63%,1.12%,-1.96%,0.00%,1.79%,0.23%,1.86%,-3.36%,1.86%,-1.86%,100.00%,0.67%,0.22%
6/1/2014,3.93%,-1.64%,3.36%,0.70%,2.15%,-0.11%,1.39%,0.27%,-1.78%,1.53%,-1.96%,-0.43%,100.00%,1.71%,1.64%,1.53%,0.70%,1.79%,0.11%,100.00%,3.68%,1.86%
7/1/2014,-0.58%,-1.43%,0.70%,-2.89%,1.26%,-2.61%,0.27%,-1.07%,1.84%,-1.18%,-0.43%,1.82%,0.00%,1.09%,-1.43%,-2.61%,2.89%,-2.61%,2.61%,100.00%,1.52%,0.51%
8/1/2014,0.70%,-1.44%,-2.89%,2.49%,3.27%,0.60%,-1.07%,-0.06%,2.57%,2.05%,1.82%,-2.55%,100.00%,2.79%,1.44%,2.05%,2.49%,1.99%,-0.60%,100.00%,0.97%,0.78%
9/1/2014,3.14%,-2.40%,2.49%,-4.79%,-0.31%,-1.08%,-0.06%,-1.93%,-3.46%,1.32%,-2.55%,2.87%,100.00%,0.42%,2.40%,1.32%,-4.79%,-0.60%,-1.08%,0.00%,2.98%,0.43%
10/1/2014,-5.36%,4.91%,-4.79%,0.17%,-1.51%,3.84%,-1.93%,0.83%,3.85%,-1.08%,2.87%,0.66%,0.00%,-0.09%,4.91%,3.84%,-0.17%,3.84%,3.84%,0.00%,-2.96%,1.57%
11/1/2014,1.51%,-1.72%,0.17%,1.31%,2.46%,0.25%,0.83%,0.39%,0.95%,1.97%,0.66%,-0.92%,100.00%,2.26%,1.72%,1.97%,1.31%,2.36%,-0.25%,100.00%,1.60%,1.23%
12/1/2014,-2.73%,-0.73%,1.31%,-2.74%,0.22%,-0.48%,0.39%,0.17%,2.95%,0.25%,-0.92%,2.92%,0.00%,4.12%,-0.73%,-0.48%,2.74%,-0.48%,0.48%,100.00%,5.04%,1.68%
1/1/2015,-7.07%,-5.30%,-2.74%,8.25%,-0.28%,-2.73%,0.17%,3.01%,6.79%,2.57%,2.92%,-5.24%,0.00%,6.44%,-5.30%,-2.73%,-8.25%,-2.73%,-2.73%,0.00%,3.53%,-0.64%
2/1/2015,13.26%,-1.46%,8.25%,3.06%,5.73%,-0.26%,3.01%,-1.51%,-7.53%,1.20%,-5.24%,-4.57%,100.00%,-1.10%,1.46%,1.20%,3.06%,-0.32%,0.26%,100.00%,4.14%,1.36%
3/1/2015,-1.39%,-1.28%,3.06%,0.21%,0.32%,-1.91%,-1.51%,0.75%,1.72%,-0.63%,-4.57%,0.54%,0.00%,5.66%,-1.28%,-1.91%,-0.21%,-1.91%,1.91%,100.00%,10.23%,3.41%
4/1/2015,4.11%,0.36%,0.21%,3.03%,2.01%,-1.04%,0.75%,0.20%,-2.09%,-1.40%,0.54%,-2.83%,100.00%,-4.03%,-0.36%,-1.40%,3.03%,-1.20%,1.04%,100.00%,-4.57%,-1.58%
5/1/2015,6.73%,-3.05%,3.03%,3.38%,2.39%,-1.11%,0.20%,-0.65%,-4.34%,1.94%,-2.83%,-4.04%,100.00%,0.43%,3.05%,1.94%,3.38%,1.29%,1.11%,100.00%,3.26%,1.89%
6/1/2015,3.12%,-1.05%,3.38%,-3.21%,0.33%,-2.36%,-0.65%,-0.66%,-2.78%,-1.31%,-4.04%,2.54%,100.00%,-0.06%,1.05%,-1.31%,-3.21%,-1.97%,2.36%,100.00%,3.98%,1.45%
7/1/2015,0.62%,-2.82%,-3.21%,-2.89%,2.59%,-0.40%,-0.66%,-1.21%,1.97%,2.42%,2.54%,1.68%,100.00%,1.85%,2.82%,2.42%,-2.89%,1.21%,0.40%,100.00%,-0.70%,0.30%
8/1/2015,-9.60%,3.97%,-2.89%,0.20%,-6.29%,-0.05%,-1.21%,-0.04%,3.32%,-4.01%,1.68%,-0.24%,0.00%,-2.38%,3.97%,-0.05%,-0.20%,-0.05%,-0.05%,0.00%,-4.06%,-1.38%
9/1/2015,-1.84%,-2.63%,0.20%,4.24%,-1.33%,-1.20%,-0.04%,4.00%,0.51%,1.43%,-0.24%,-0.24%,0.00%,2.18%,-2.63%,-1.20%,-4.24%,-1.20%,-1.20%,0.00%,2.42%,0.01%
10/1/2015,4.60%,4.00%,4.24%,3.92%,5.22%,2.97%,4.00%,1.01%,0.62%,-1.03%,-0.24%,-2.91%,100.00%,-0.17%,-4.00%,-1.03%,3.92%,-0.02%,-2.97%,100.00%,0.07%,-0.97%
11/1/2015,2.36%,-1.12%,3.92%,-0.62%,0.66%,-0.30%,1.01%,-0.16%,-1.70%,0.83%,-2.91%,0.46%,100.00%,2.04%,1.12%,0.83%,-0.62%,0.66%,0.30%,100.00%,4.95%,1.97%
12/1/2015,-4.46%,3.03%,-0.62%,-8.32%,-2.82%,1.08%,-0.16%,-6.04%,1.64%,-1.94%,0.46%,2.28%,0.00%,-0.76%,3.03%,1.08%,8.32%,1.08%,1.08%,0.00%,-1.21%,0.32%
1/1/2016,-12.71%,2.18%,-8.32%,-4.32%,-8.30%,3.19%,-6.04%,-3.02%,4.41%,1.01%,2.28%,1.30%,0.00%,3.14%,2.18%,3.19%,4.32%,3.19%,3.19%,0.00%,0.86%,2.41%
2/1/2016,-2.46%,-0.66%,-4.32%,5.24%,0.55%,-0.63%,-3.02%,3.57%,3.01%,0.03%,1.30%,-1.67%,0.00%,1.74%,-0.66%,-0.63%,-5.24%,-0.63%,0.63%,100.00%,0.44%,0.15%
3/1/2016,8.15%,-1.55%,5.24%,-2.67%,6.09%,0.41%,3.57%,-0.77%,-2.05%,1.96%,-1.67%,1.91%,100.00%,1.58%,1.55%,1.96%,-2.67%,1.20%,-0.41%,100.00%,3.25%,1.35%
4/1/2016,2.94%,-1.81%,-2.67%,-1.32%,1.66%,-1.27%,-0.77%,-0.30%,-1.27%,0.53%,1.91%,1.03%,100.00%,-2.65%,1.81%,0.53%,-1.32%,0.24%,1.27%,100.00%,-4.55%,-1.01%
5/1/2016,-1.20%,2.09%,-1.32%,-1.16%,-0.41%,2.09%,-0.30%,0.87%,0.80%,0.01%,1.03%,2.03%,0.00%,-0.22%,2.09%,2.09%,1.16%,2.09%,2.09%,0.00%,-1.25%,0.98%
6/1/2016,-2.92%,-3.44%,-1.16%,-2.01%,-0.15%,0.50%,0.87%,1.50%,2.77%,3.94%,2.03%,3.51%,0.00%,4.67%,-3.44%,0.50%,2.01%,0.50%,0.50%,0.00%,2.64%,1.21%
7/1/2016,3.53%,-2.02%,-2.01%,2.85%,3.64%,-0.06%,1.50%,0.49%,0.11%,1.97%,3.51%,-2.36%,100.00%,-1.43%,2.02%,1.97%,2.85%,2.46%,0.06%,100.00%,-4.94%,-0.81%
8/1/2016,2.50%,-1.37%,2.85%,1.84%,0.65%,-0.53%,0.49%,0.52%,-1.85%,0.83%,-2.36%,-1.32%,100.00%,1.35%,1.37%,0.83%,1.84%,1.35%,0.53%,100.00%,3.71%,1.86%
9/1/2016,2.34%,-0.81%,1.84%,1.88%,0.41%,-0.41%,0.52%,-0.58%,-1.93%,0.41%,-1.32%,-2.46%,100.00%,-0.20%,0.81%,0.41%,1.88%,-0.18%,0.41%,100.00%,1.11%,0.45%
10/1/2016,1.84%,0.89%,1.88%,0.57%,-1.08%,-0.67%,-0.58%,0.28%,-2.92%,-1.56%,-2.46%,-0.29%,100.00%,-2.01%,-0.89%,-1.56%,0.57%,-1.28%,-0.67%,0.00%,0.45%,-0.50%
11/1/2016,11.33%,0.86%,0.57%,1.56%,3.51%,0.10%,0.28%,1.90%,-7.82%,-0.75%,-0.29%,0.34%,100.00%,-8.28%,-0.86%,-0.75%,1.56%,1.14%,-0.10%,100.00%,-7.99%,-2.32%
12/1/2016,4.40%,-1.93%,1.56%,-0.94%,3.01%,-1.00%,1.90%,1.30%,-1.40%,0.94%,0.34%,2.24%,100.00%,-0.80%,1.93%,0.94%,-0.94%,2.24%,1.00%,100.00%,-1.14%,0.70%
1/1/2017,0.82%,0.14%,-0.94%,-0.02%,1.80%,-0.03%,1.30%,0.62%,0.99%,-0.17%,2.24%,0.63%,100.00%,-1.43%,-0.14%,-0.17%,-0.02%,0.44%,0.03%,100.00%,-3.67%,-1.07%
2/1/2017,3.38%,-1.10%,-0.02%,2.79%,3.77%,0.08%,0.62%,0.22%,0.39%,1.18%,0.63%,-2.57%,100.00%,0.94%,1.10%,1.18%,2.79%,1.41%,-0.08%,100.00%,0.31%,0.54%
3/1/2017,0.40%,0.38%,2.79%,-0.44%,-0.73%,0.86%,0.22%,-0.23%,-1.13%,0.47%,-2.57%,0.21%,100.00%,1.92%,-0.38%,0.47%,-0.44%,0.24%,0.86%,0.00%,4.48%,1.86%
4/1/2017,-1.43%,0.86%,-0.44%,1.34%,0.60%,0.38%,-0.23%,0.68%,2.03%,-0.47%,0.21%,-0.66%,0.00%,1.35%,0.86%,0.38%,-1.34%,0.38%,-0.38%,100.00%,1.14%,0.38%
5/1/2017,-1.22%,0.75%,1.34%,0.29%,0.10%,1.30%,0.68%,0.92%,1.32%,0.56%,-0.66%,0.63%,0.00%,2.53%,0.75%,1.30%,-0.29%,1.30%,-1.30%,100.00%,3.19%,1.06%
6/1/2017,-1.61%,1.46%,0.29%,1.82%,1.11%,-0.47%,0.92%,0.24%,2.72%,-1.93%,0.63%,-1.58%,0.00%,0.16%,1.46%,-0.47%,-1.82%,-0.47%,0.47%,100.00%,-0.47%,-0.16%
7/1/2017,1.78%,0.91%,1.82%,-0.60%,2.05%,-0.02%,0.24%,0.44%,0.27%,-0.93%,-1.58%,1.04%,100.00%,0.92%,-0.91%,-0.93%,-0.60%,-0.49%,0.02%,100.00%,2.51%,0.68%
8/1/2017,-4.10%,1.04%,-0.60%,-1.36%,-1.58%,1.87%,0.44%,-0.37%,2.52%,0.83%,1.04%,0.99%,0.00%,2.31%,1.04%,1.87%,1.36%,1.87%,1.87%,0.00%,1.27%,1.67%
9/1/2017,2.48%,1.86%,-1.36%,1.98%,1.28%,0.72%,-0.37%,1.24%,-1.20%,-1.15%,0.99%,-0.74%,100.00%,-3.34%,-1.86%,-1.15%,1.98%,0.09%,-0.72%,100.00%,-4.34%,-1.65%
10/1/2017,2.74%,-0.37%,1.98%,-1.36%,2.31%,0.02%,1.24%,0.59%,-0.42%,0.39%,-0.74%,1.95%,100.00%,0.70%,0.37%,0.39%,-1.36%,0.98%,-0.02%,100.00%,1.44%,0.80%
11/1/2017,-0.93%,3.20%,-1.36%,-1.80%,1.10%,1.91%,0.59%,-0.36%,2.03%,-1.29%,1.95%,1.44%,0.00%,-1.21%,3.20%,1.91%,1.80%,1.91%,-1.91%,100.00%,-3.15%,-1.05%
12/1/2017,1.48%,-2.07%,-1.80%,3.59%,1.47%,-0.27%,-0.36%,2.61%,-0.01%,1.80%,1.44%,-0.97%,100.00%,0.35%,2.07%,1.80%,3.59%,4.41%,0.27%,100.00%,-1.09%,1.20%
1/1/2018,8.49%,0.30%,3.59%,-2.15%,5.97%,-0.49%,2.61%,-5.18%,-2.51%,-0.80%,-0.97%,-3.03%,100.00%,-2.34%,-0.30%,-0.80%,-2.15%,-5.98%,0.49%,100.00%,-1.36%,-2.28%
2/1/2018,0.33%,-0.95%,-2.15%,0.84%,-4.17%,0.46%,-5.18%,0.42%,-4.49%,1.41%,-3.03%,-0.43%,100.00%,-0.06%,0.95%,1.41%,0.84%,1.82%,0.46%,0.00%,2.97%,1.75%
3/1/2018,-0.53%,-5.07%,0.84%,-0.87%,-0.05%,-2.73%,0.42%,-1.31%,0.48%,2.34%,-0.43%,-0.44%,0.00%,3.24%,-5.07%,-2.73%,0.87%,-2.73%,-2.73%,0.00%,3.67%,-0.60%
4/1/2018,3.96%,-1.33%,-0.87%,0.94%,1.31%,-0.79%,-1.31%,0.91%,-2.65%,0.54%,-0.44%,-0.03%,100.00%,-1.67%,1.33%,0.54%,0.94%,1.45%,0.79%,100.00%,-1.22%,0.34%
5/1/2018,4.62%,-4.21%,0.94%,3.22%,3.29%,-0.89%,0.91%,2.35%,-1.33%,3.31%,-0.03%,-0.87%,100.00%,2.02%,4.21%,3.31%,3.22%,5.66%,0.89%,100.00%,2.05%,2.87%
6/1/2018,1.99%,-2.06%,3.22%,1.99%,1.66%,-1.09%,2.35%,2.41%,-0.33%,0.97%,-0.87%,0.42%,100.00%,1.51%,2.06%,0.97%,1.99%,3.39%,1.09%,100.00%,2.38%,2.29%
7/1/2018,5.04%,0.04%,1.99%,2.14%,3.24%,0.40%,2.41%,1.50%,-1.81%,0.36%,0.42%,-0.64%,100.00%,-1.87%,-0.04%,0.36%,2.14%,1.86%,-0.40%,100.00%,-2.29%,-0.28%
8/1/2018,0.15%,1.69%,2.14%,0.20%,1.77%,1.38%,1.50%,-0.76%,1.62%,-0.31%,-0.64%,-0.96%,100.00%,1.94%,-1.69%,-0.31%,0.20%,-1.08%,-1.38%,100.00%,2.58%,0.04%
9/1/2018,4.00%,-0.50%,0.20%,2.45%,0.70%,-0.10%,-0.76%,-1.00%,-3.31%,0.40%,-0.96%,-3.45%,100.00%,-1.94%,0.50%,0.40%,2.45%,-0.60%,0.10%,100.00%,-0.98%,-0.49%
10/1/2018,-2.25%,-1.94%,2.45%,4.46%,-5.11%,-2.06%,-1.00%,3.76%,-2.86%,-0.11%,-3.45%,-0.70%,0.00%,0.48%,-1.94%,-2.06%,-4.46%,-2.06%,-2.06%,0.00%,3.93%,-0.06%
11/1/2018,-3.60%,3.66%,4.46%,-7.57%,-2.09%,3.93%,3.76%,-4.29%,1.50%,0.27%,-0.70%,3.28%,0.00%,2.47%,3.66%,3.93%,7.57%,3.93%,3.93%,0.00%,3.16%,3.68%
12/1/2018,-21.17%,6.28%,-7.57%,2.77%,-15.64%,6.44%,-4.29%,2.70%,5.53%,0.16%,3.28%,-0.07%,0.00%,2.41%,6.28%,6.44%,-2.77%,6.44%,6.44%,0.00%,-0.87%,4.00%
1/1/2019,6.24%,1.08%,2.77%,-0.03%,5.26%,2.45%,2.70%,0.08%,-0.98%,1.36%,-0.07%,0.11%,100.00%,0.44%,-1.08%,1.36%,-0.03%,1.44%,-2.45%,100.00%,0.51%,-0.17%
2/1/2019,3.46%,1.12%,-0.03%,-2.40%,3.36%,-0.16%,0.08%,-1.33%,-0.10%,-1.28%,0.11%,1.08%,100.00%,-1.50%,-1.12%,-1.28%,-2.40%,-2.61%,0.16%,100.00%,-1.61%,-1.35%
3/1/2019,-0.04%,-3.59%,-2.40%,3.83%,2.59%,-0.79%,-1.33%,2.13%,2.63%,2.80%,1.08%,-1.70%,0.00%,4.35%,-3.59%,-0.79%,-3.83%,-0.79%,0.79%,100.00%,3.27%,1.09%
4/1/2019,5.82%,0.19%,3.83%,-3.35%,2.72%,1.28%,2.13%,-2.09%,-3.10%,1.09%,-1.70%,1.25%,100.00%,-0.31%,-0.19%,1.09%,-3.35%,-1.00%,-1.28%,100.00%,1.39%,-0.30%
5/1/2019,-4.31%,-8.90%,-3.35%,4.26%,-2.59%,-4.00%,-2.09%,4.40%,1.72%,4.90%,1.25%,0.14%,0.00%,5.36%,-8.90%,-4.00%,-4.26%,-4.00%,-4.00%,0.00%,4.11%,-1.30%
6/1/2019,7.17%,-1.39%,4.26%,1.25%,7.07%,-0.34%,4.40%,1.30%,-0.10%,1.04%,0.14%,0.05%,100.00%,0.81%,1.39%,1.04%,1.25%,2.34%,0.34%,100.00%,0.67%,1.12%
7/1/2019,2.12%,-0.88%,1.25%,-8.66%,1.66%,-0.16%,1.30%,-3.23%,-0.46%,0.72%,0.05%,5.43%,100.00%,0.21%,0.88%,0.72%,-8.66%,-2.51%,0.16%,100.00%,0.17%,-0.73%
8/1/2019,-10.30%,-1.86%,-8.66%,4.58%,-1.69%,0.00%,-3.23%,1.95%,8.61%,1.86%,5.43%,-2.63%,0.00%,5.05%,-1.86%,0.00%,-4.58%,0.00%,0.00%,0.00%,-0.38%,-0.13%
9/1/2019,5.99%,-1.34%,4.58%,-2.61%,2.41%,-0.48%,1.95%,-1.25%,-3.57%,0.86%,-2.63%,1.36%,100.00%,-0.08%,1.34%,0.86%,-2.61%,-0.39%,0.48%,100.00%,2.55%,0.88%
10/1/2019,4.14%,-0.83%,-2.61%,5.58%,1.08%,1.11%,-1.25%,1.59%,-3.06%,1.94%,1.36%,-3.99%,100.00%,-2.48%,0.83%,1.94%,5.58%,3.52%,-1.11%,100.00%,-3.83%,-0.47%
11/1/2019,3.17%,0.79%,5.58%,1.49%,2.26%,1.29%,1.59%,0.18%,-0.91%,0.50%,-3.99%,-1.31%,100.00%,3.58%,-0.79%,0.50%,1.49%,0.68%,-1.29%,100.00%,7.57%,2.32%
12/1/2019,4.90%,1.21%,1.49%,-0.12%,2.51%,0.35%,0.18%,0.80%,-2.39%,-0.86%,-1.31%,0.93%,100.00%,-1.94%,-1.21%,-0.86%,-0.12%,-0.06%,-0.35%,100.00%,-0.63%,-0.35%
1/1/2020,-0.93%,-6.52%,-0.12%,4.05%,3.02%,-3.06%,0.80%,3.20%,3.95%,3.46%,0.93%,-0.85%,0.00%,6.48%,-6.52%,-3.06%,-4.05%,-3.06%,3.06%,100.00%,5.56%,1.85%
2/1/2020,-2.89%,-11.77%,4.05%,-6.86%,0.21%,-8.46%,3.20%,0.40%,3.10%,3.31%,-0.85%,7.27%,0.00%,7.26%,-11.77%,-8.46%,6.86%,-8.46%,8.46%,100.00%,8.11%,2.70%
3/1/2020,-27.99%,8.50%,-6.86%,1.88%,-25.23%,11.91%,0.40%,2.82%,2.77%,3.42%,7.27%,0.95%,0.00%,-1.09%,8.50%,11.91%,-1.88%,11.91%,11.91%,0.00%,-8.35%,5.16%
4/1/2020,5.08%,5.66%,1.88%,-0.74%,7.96%,4.00%,2.82%,-0.97%,2.87%,-1.67%,0.95%,-0.23%,100.00%,0.26%,-5.66%,-1.67%,-0.74%,-2.63%,-4.00%,100.00%,-0.68%,-2.44%
5/1/2020,2.69%,3.74%,-0.74%,9.37%,1.50%,3.15%,-0.97%,4.82%,-1.19%,-0.59%,-0.23%,-4.55%,100.00%,-1.55%,-3.74%,-0.59%,9.37%,4.23%,-3.15%,100.00%,-1.31%,-0.08%
6/1/2020,2.46%,-1.03%,9.37%,2.01%,1.85%,-0.09%,4.82%,2.50%,-0.61%,0.94%,-4.55%,0.49%,100.00%,4.89%,1.03%,0.94%,2.01%,3.45%,0.09%,100.00%,9.44%,4.33%
7/1/2020,3.38%,-2.00%,2.01%,2.98%,5.83%,-0.10%,2.50%,2.44%,2.44%,1.90%,0.49%,-0.55%,100.00%,3.84%,2.00%,1.90%,2.98%,4.33%,0.10%,100.00%,3.35%,2.59%
8/1/2020,6.63%,5.30%,2.98%,-5.78%,3.89%,2.85%,2.44%,-4.72%,-2.74%,-2.44%,-0.55%,1.06%,100.00%,-4.63%,-5.30%,-2.44%,-5.78%,-7.16%,-2.85%,100.00%,-4.09%,-4.70%
9/1/2020,-6.58%,2.00%,-5.78%,4.11%,-5.19%,1.38%,-4.72%,1.74%,1.39%,-0.62%,1.06%,-2.38%,0.00%,-0.29%,2.00%,1.38%,-4.11%,1.38%,1.38%,0.00%,-1.36%,0.47%
10/1/2020,5.04%,-4.12%,4.11%,5.72%,2.31%,-4.84%,1.74%,6.98%,-2.73%,-0.71%,-2.38%,1.27%,100.00%,-1.07%,4.12%,-0.71%,5.72%,6.27%,4.84%,100.00%,1.31%,4.14%
11/1/2020,5.87%,2.80%,5.72%,3.98%,8.45%,1.88%,6.98%,1.92%,2.58%,-0.93%,1.27%,-2.06%,100.00%,0.38%,-2.80%,-0.93%,3.98%,1.00%,-1.88%,100.00%,-0.89%,-0.59%
12/1/2020,3.75%,1.13%,3.98%,6.10%,2.02%,1.62%,1.92%,1.95%,-1.73%,0.50%,-2.06%,-4.15%,100.00%,0.82%,-1.13%,0.50%,6.10%,2.45%,-1.62%,100.00%,2.88%,1.24%
1/1/2021,5.38%,-2.70%,6.10%,7.19%,2.77%,-3.80%,1.95%,4.66%,-2.61%,-1.09%,-4.15%,-2.53%,100.00%,0.45%,2.70%,-1.09%,7.19%,3.56%,3.80%,100.00%,4.60%,3.99%
2/1/2021,11.04%,-2.40%,7.19%,3.72%,4.48%,-1.74%,4.66%,0.86%,-6.56%,0.66%,-2.53%,-2.86%,100.00%,-3.37%,2.40%,0.66%,3.72%,1.51%,1.74%,100.00%,-0.84%,0.80%
3/1/2021,8.60%,1.23%,3.72%,1.02%,2.70%,1.74%,0.86%,3.03%,-5.90%,0.52%,-2.86%,2.01%,100.00%,-2.52%,-1.23%,0.52%,1.02%,3.55%,-1.74%,100.00%,0.34%,0.72%
4/1/2021,0.23%,2.47%,1.02%,0.58%,3.94%,1.21%,3.03%,1.15%,3.72%,-1.25%,2.01%,0.57%,100.00%,0.46%,-2.47%,-1.25%,0.58%,-0.11%,-1.21%,100.00%,-1.55%,-0.96%
5/1/2021,0.39%,0.00%,0.58%,0.00%,-0.49%,0.00%,1.15%,0.00%,-0.88%,0.00%,0.57%,0.00%,100.00%,-1.45%,0.00%,0.00%,0.00%,0.00%,0.00%,0.00%,-2.02%,-0.67%
