Start of Month,Sum of Long/Short Last 5 Days
7/1/2002,0.00%
8/1/2002,5.70%
9/1/2002,3.11%
10/1/2002,7.52%
11/1/2002,6.97%
12/1/2002,3.14%
1/1/2003,6.87%
2/1/2003,6.22%
3/1/2003,15.13%
4/1/2003,16.43%
5/1/2003,21.14%
6/1/2003,21.64%
7/1/2003,17.50%
8/1/2003,17.62%
9/1/2003,11.27%
10/1/2003,12.11%
11/1/2003,15.83%
12/1/2003,19.40%
1/1/2004,19.85%
2/1/2004,19.34%
3/1/2004,22.14%
4/1/2004,24.01%
5/1/2004,22.92%
6/1/2004,23.78%
7/1/2004,24.74%
8/1/2004,23.90%
9/1/2004,25.69%
10/1/2004,27.63%
11/1/2004,25.72%
12/1/2004,26.45%
1/1/2005,27.49%
2/1/2005,25.30%
3/1/2005,24.16%
4/1/2005,22.09%
5/1/2005,23.44%
6/1/2005,27.27%
7/1/2005,26.63%
8/1/2005,24.39%
9/1/2005,21.81%
10/1/2005,25.31%
11/1/2005,25.13%
12/1/2005,28.27%
1/1/2006,25.81%
2/1/2006,25.43%
3/1/2006,22.97%
4/1/2006,21.00%
5/1/2006,22.22%
6/1/2006,23.72%
7/1/2006,24.40%
8/1/2006,23.65%
9/1/2006,25.46%
10/1/2006,26.93%
11/1/2006,27.96%
12/1/2006,26.46%
1/1/2007,26.11%
2/1/2007,20.49%
3/1/2007,19.75%
4/1/2007,19.54%
5/1/2007,18.09%
6/1/2007,21.43%
7/1/2007,29.06%
8/1/2007,29.04%
9/1/2007,29.11%
10/1/2007,32.92%
11/1/2007,36.74%
12/1/2007,39.93%
1/1/2008,43.87%
2/1/2008,47.58%
3/1/2008,44.90%
4/1/2008,45.09%
5/1/2008,42.09%
6/1/2008,36.53%
7/1/2008,38.49%
8/1/2008,38.52%
9/1/2008,33.06%
10/1/2008,36.50%
11/1/2008,46.30%
12/1/2008,50.67%
1/1/2009,47.28%
2/1/2009,49.21%
3/1/2009,47.32%
4/1/2009,40.45%
5/1/2009,36.36%
6/1/2009,39.55%
7/1/2009,38.43%
8/1/2009,41.90%
9/1/2009,45.84%
10/1/2009,49.88%
11/1/2009,50.99%
12/1/2009,49.86%
1/1/2010,46.88%
2/1/2010,50.12%
3/1/2010,47.29%
4/1/2010,50.99%
5/1/2010,53.21%
6/1/2010,65.21%
7/1/2010,64.10%
8/1/2010,59.67%
9/1/2010,59.90%
10/1/2010,59.32%
11/1/2010,62.69%
12/1/2010,63.11%
1/1/2011,63.06%
2/1/2011,63.78%
3/1/2011,66.79%
4/1/2011,67.37%
5/1/2011,66.90%
6/1/2011,71.44%
7/1/2011,65.54%
8/1/2011,77.52%
9/1/2011,79.68%
10/1/2011,80.86%
11/1/2011,87.04%
12/1/2011,85.99%
1/1/2012,89.81%
2/1/2012,89.67%
3/1/2012,89.61%
4/1/2012,92.35%
5/1/2012,89.06%
6/1/2012,85.13%
7/1/2012,87.89%
8/1/2012,92.58%
9/1/2012,95.13%
10/1/2012,97.89%
11/1/2012,99.44%
12/1/2012,99.04%
1/1/2013,96.49%
2/1/2013,97.93%
3/1/2013,96.89%
4/1/2013,99.41%
5/1/2013,98.74%
6/1/2013,99.76%
7/1/2013,98.69%
8/1/2013,102.96%
9/1/2013,104.77%
10/1/2013,104.85%
11/1/2013,105.69%
12/1/2013,101.99%
1/1/2014,98.05%
2/1/2014,99.33%
3/1/2014,99.69%
4/1/2014,99.22%
5/1/2014,99.45%
6/1/2014,101.09%
7/1/2014,99.66%
8/1/2014,101.10%
9/1/2014,103.50%
10/1/2014,108.41%
11/1/2014,110.13%
12/1/2014,109.40%
1/1/2015,104.10%
2/1/2015,105.56%
3/1/2015,104.28%
4/1/2015,103.92%
5/1/2015,106.97%
6/1/2015,108.02%
7/1/2015,110.84%
8/1/2015,114.80%
9/1/2015,112.17%
10/1/2015,108.17%
11/1/2015,109.30%
12/1/2015,112.32%
1/1/2016,114.50%
2/1/2016,113.84%
3/1/2016,115.39%
4/1/2016,117.20%
5/1/2016,119.29%
6/1/2016,115.85%
7/1/2016,117.87%
8/1/2016,119.24%
9/1/2016,120.05%
10/1/2016,119.17%
11/1/2016,118.31%
12/1/2016,120.24%
1/1/2017,120.10%
2/1/2017,121.20%
3/1/2017,120.81%
4/1/2017,121.67%
5/1/2017,122.42%
6/1/2017,123.88%
7/1/2017,122.96%
8/1/2017,124.01%
9/1/2017,122.14%
10/1/2017,122.51%
11/1/2017,125.71%
12/1/2017,127.78%
1/1/2018,127.48%
2/1/2018,128.42%
3/1/2018,123.35%
4/1/2018,124.68%
5/1/2018,128.89%
6/1/2018,130.95%
7/1/2018,130.90%
8/1/2018,129.21%
9/1/2018,129.72%
10/1/2018,127.78%
11/1/2018,131.44%
12/1/2018,137.72%
1/1/2019,136.64%
2/1/2019,135.52%
3/1/2019,131.93%
4/1/2019,131.73%
5/1/2019,122.84%
6/1/2019,124.22%
7/1/2019,125.10%
8/1/2019,123.23%
9/1/2019,124.57%
10/1/2019,125.40%
11/1/2019,124.61%
12/1/2019,123.40%
1/1/2020,116.88%
2/1/2020,105.11%
3/1/2020,113.60%
4/1/2020,107.94%
5/1/2020,104.20%
6/1/2020,105.24%
7/1/2020,107.23%
8/1/2020,101.94%
9/1/2020,103.93%
10/1/2020,108.06%
11/1/2020,105.26%
12/1/2020,104.13%
1/1/2021,106.83%
2/1/2021,109.23%
3/1/2021,108.00%
4/1/2021,105.54%
5/1/2021,105.54%
Total Result,
