Start of Month,Sum of Long Only Reversal Game Strat
7/1/2002,-3.41%
8/1/2002,-3.17%
9/1/2002,-5.43%
10/1/2002,-0.38%
11/1/2002,-3.14%
12/1/2002,-5.11%
1/1/2003,-7.53%
2/1/2003,-6.23%
3/1/2003,0.86%
4/1/2003,4.38%
5/1/2003,8.91%
6/1/2003,11.11%
7/1/2003,5.79%
8/1/2003,8.76%
9/1/2003,6.19%
10/1/2003,7.73%
11/1/2003,9.86%
12/1/2003,12.02%
1/1/2004,12.48%
2/1/2004,12.86%
3/1/2004,14.68%
4/1/2004,12.73%
5/1/2004,15.99%
6/1/2004,14.78%
7/1/2004,15.65%
8/1/2004,16.22%
9/1/2004,16.40%
10/1/2004,18.15%
11/1/2004,16.82%
12/1/2004,17.22%
1/1/2005,18.59%
2/1/2005,19.88%
3/1/2005,19.76%
4/1/2005,19.54%
5/1/2005,21.73%
6/1/2005,25.43%
7/1/2005,24.27%
8/1/2005,24.36%
9/1/2005,20.33%
10/1/2005,22.01%
11/1/2005,22.09%
12/1/2005,27.38%
1/1/2006,24.07%
2/1/2006,23.26%
3/1/2006,20.77%
4/1/2006,20.01%
5/1/2006,20.33%
6/1/2006,22.13%
7/1/2006,23.42%
8/1/2006,23.82%
9/1/2006,25.41%
10/1/2006,28.16%
11/1/2006,29.57%
12/1/2006,27.67%
1/1/2007,28.20%
2/1/2007,24.75%
3/1/2007,24.81%
4/1/2007,26.53%
5/1/2007,22.80%
6/1/2007,26.88%
7/1/2007,30.40%
8/1/2007,32.21%
9/1/2007,34.99%
10/1/2007,38.26%
11/1/2007,43.07%
12/1/2007,39.84%
1/1/2008,42.43%
2/1/2008,41.68%
3/1/2008,39.62%
4/1/2008,40.50%
5/1/2008,35.18%
6/1/2008,32.40%
7/1/2008,33.99%
8/1/2008,34.77%
9/1/2008,30.28%
10/1/2008,31.29%
11/1/2008,43.77%
12/1/2008,46.07%
1/1/2009,47.23%
2/1/2009,46.26%
3/1/2009,50.61%
4/1/2009,50.94%
5/1/2009,52.67%
6/1/2009,51.37%
7/1/2009,56.00%
8/1/2009,59.44%
9/1/2009,62.18%
10/1/2009,65.20%
11/1/2009,67.59%
12/1/2009,69.33%
1/1/2010,67.14%
2/1/2010,73.13%
3/1/2010,72.68%
4/1/2010,67.98%
5/1/2010,68.22%
6/1/2010,76.32%
7/1/2010,77.86%
8/1/2010,75.77%
9/1/2010,78.16%
10/1/2010,81.39%
11/1/2010,86.85%
12/1/2010,88.65%
1/1/2011,90.80%
2/1/2011,91.22%
3/1/2011,93.39%
4/1/2011,95.35%
5/1/2011,96.31%
6/1/2011,98.24%
7/1/2011,94.26%
8/1/2011,102.42%
9/1/2011,102.68%
10/1/2011,105.69%
11/1/2011,110.04%
12/1/2011,111.11%
1/1/2012,117.43%
2/1/2012,117.04%
3/1/2012,115.55%
4/1/2012,117.78%
5/1/2012,117.40%
6/1/2012,115.62%
7/1/2012,117.54%
8/1/2012,123.46%
9/1/2012,126.35%
10/1/2012,126.51%
11/1/2012,128.43%
12/1/2012,129.95%
1/1/2013,128.45%
2/1/2013,131.78%
3/1/2013,131.25%
4/1/2013,133.92%
5/1/2013,131.82%
6/1/2013,135.86%
7/1/2013,134.61%
8/1/2013,140.73%
9/1/2013,141.05%
10/1/2013,141.44%
11/1/2013,142.85%
12/1/2013,140.22%
1/1/2014,137.67%
2/1/2014,140.74%
3/1/2014,140.10%
4/1/2014,140.32%
5/1/2014,142.18%
6/1/2014,143.98%
7/1/2014,141.36%
8/1/2014,143.35%
9/1/2014,142.75%
10/1/2014,146.58%
11/1/2014,148.94%
12/1/2014,148.46%
1/1/2015,145.73%
2/1/2015,145.42%
3/1/2015,143.51%
4/1/2015,142.31%
5/1/2015,143.60%
6/1/2015,141.63%
7/1/2015,142.84%
8/1/2015,142.79%
9/1/2015,141.59%
10/1/2015,141.57%
11/1/2015,142.24%
12/1/2015,143.32%
1/1/2016,146.51%
2/1/2016,145.88%
3/1/2016,147.08%
4/1/2016,147.32%
5/1/2016,149.41%
6/1/2016,149.91%
7/1/2016,152.37%
8/1/2016,153.72%
9/1/2016,153.54%
10/1/2016,152.27%
11/1/2016,153.41%
12/1/2016,155.65%
1/1/2017,156.09%
2/1/2017,157.50%
3/1/2017,157.74%
4/1/2017,158.12%
5/1/2017,159.43%
6/1/2017,158.95%
7/1/2017,158.47%
8/1/2017,160.34%
9/1/2017,160.43%
10/1/2017,161.41%
11/1/2017,163.32%
12/1/2017,167.73%
1/1/2018,161.76%
2/1/2018,163.58%
3/1/2018,160.85%
4/1/2018,162.30%
5/1/2018,167.95%
6/1/2018,171.34%
7/1/2018,173.20%
8/1/2018,172.12%
9/1/2018,171.52%
10/1/2018,169.46%
11/1/2018,173.40%
12/1/2018,179.83%
1/1/2019,181.27%
2/1/2019,178.67%
3/1/2019,177.87%
4/1/2019,176.87%
5/1/2019,172.87%
6/1/2019,175.21%
7/1/2019,172.69%
8/1/2019,172.69%
9/1/2019,172.30%
10/1/2019,175.82%
11/1/2019,176.50%
12/1/2019,176.44%
1/1/2020,173.38%
2/1/2020,164.92%
3/1/2020,176.83%
4/1/2020,174.20%
5/1/2020,178.43%
6/1/2020,181.87%
7/1/2020,186.21%
8/1/2020,179.04%
9/1/2020,180.42%
10/1/2020,186.69%
11/1/2020,187.69%
12/1/2020,190.14%
1/1/2021,193.70%
2/1/2021,195.22%
3/1/2021,198.77%
4/1/2021,198.66%
5/1/2021,198.66%
Total Result,
