Start of Month,Sum of Strategy Ensemble
7/1/2002,-1.15%
8/1/2002,1.20%
9/1/2002,0.60%
10/1/2002,1.94%
11/1/2002,-0.31%
12/1/2002,-0.93%
1/1/2003,0.28%
2/1/2003,1.66%
3/1/2003,5.13%
4/1/2003,7.71%
5/1/2003,8.79%
6/1/2003,9.58%
7/1/2003,5.72%
8/1/2003,5.78%
9/1/2003,7.76%
10/1/2003,9.57%
11/1/2003,12.16%
12/1/2003,11.75%
1/1/2004,12.79%
2/1/2004,13.01%
3/1/2004,13.69%
4/1/2004,14.07%
5/1/2004,17.60%
6/1/2004,18.34%
7/1/2004,18.65%
8/1/2004,18.71%
9/1/2004,19.11%
10/1/2004,21.69%
11/1/2004,21.26%
12/1/2004,21.17%
1/1/2005,23.26%
2/1/2005,21.20%
3/1/2005,20.13%
4/1/2005,21.52%
5/1/2005,23.94%
6/1/2005,25.23%
7/1/2005,24.85%
8/1/2005,26.85%
9/1/2005,26.12%
10/1/2005,26.48%
11/1/2005,27.56%
12/1/2005,30.66%
1/1/2006,28.82%
2/1/2006,28.77%
3/1/2006,27.86%
4/1/2006,27.40%
5/1/2006,27.60%
6/1/2006,27.80%
7/1/2006,29.08%
8/1/2006,29.38%
9/1/2006,30.32%
10/1/2006,31.75%
11/1/2006,32.94%
12/1/2006,31.48%
1/1/2007,30.53%
2/1/2007,30.84%
3/1/2007,30.13%
4/1/2007,31.43%
5/1/2007,28.80%
6/1/2007,31.18%
7/1/2007,36.12%
8/1/2007,38.00%
9/1/2007,36.96%
10/1/2007,39.82%
11/1/2007,43.92%
12/1/2007,44.69%
1/1/2008,46.02%
2/1/2008,46.61%
3/1/2008,48.50%
4/1/2008,48.57%
5/1/2008,46.73%
6/1/2008,45.16%
7/1/2008,44.61%
8/1/2008,45.22%
9/1/2008,41.04%
10/1/2008,38.14%
11/1/2008,49.64%
12/1/2008,52.28%
1/1/2009,51.79%
2/1/2009,51.39%
3/1/2009,51.24%
4/1/2009,49.55%
5/1/2009,49.78%
6/1/2009,52.54%
7/1/2009,51.60%
8/1/2009,56.53%
9/1/2009,59.94%
10/1/2009,60.97%
11/1/2009,63.53%
12/1/2009,63.90%
1/1/2010,63.77%
2/1/2010,65.78%
3/1/2010,65.46%
4/1/2010,65.89%
5/1/2010,65.03%
6/1/2010,70.53%
7/1/2010,71.58%
8/1/2010,72.91%
9/1/2010,74.76%
10/1/2010,74.49%
11/1/2010,77.67%
12/1/2010,79.62%
1/1/2011,80.67%
2/1/2011,82.23%
3/1/2011,85.06%
4/1/2011,86.84%
5/1/2011,87.49%
6/1/2011,88.20%
7/1/2011,88.52%
8/1/2011,93.88%
9/1/2011,94.66%
10/1/2011,95.21%
11/1/2011,97.84%
12/1/2011,99.62%
1/1/2012,103.17%
2/1/2012,104.34%
3/1/2012,102.40%
4/1/2012,103.32%
5/1/2012,105.31%
6/1/2012,104.36%
7/1/2012,105.18%
8/1/2012,108.73%
9/1/2012,110.87%
10/1/2012,111.82%
11/1/2012,113.06%
12/1/2012,112.88%
1/1/2013,112.31%
2/1/2013,114.11%
3/1/2013,114.61%
4/1/2013,114.96%
5/1/2013,114.10%
6/1/2013,115.22%
7/1/2013,115.97%
8/1/2013,117.76%
9/1/2013,120.13%
10/1/2013,120.46%
11/1/2013,120.69%
12/1/2013,119.40%
1/1/2014,119.26%
2/1/2014,120.97%
3/1/2014,122.36%
4/1/2014,122.87%
5/1/2014,123.09%
6/1/2014,124.95%
7/1/2014,125.46%
8/1/2014,126.25%
9/1/2014,126.68%
10/1/2014,128.25%
11/1/2014,129.49%
12/1/2014,131.17%
1/1/2015,130.52%
2/1/2015,131.88%
3/1/2015,135.29%
4/1/2015,133.71%
5/1/2015,135.60%
6/1/2015,137.06%
7/1/2015,137.36%
8/1/2015,135.98%
9/1/2015,135.99%
10/1/2015,135.01%
11/1/2015,136.98%
12/1/2015,137.30%
1/1/2016,139.71%
2/1/2016,139.86%
3/1/2016,141.21%
4/1/2016,140.19%
5/1/2016,141.17%
6/1/2016,142.38%
7/1/2016,141.57%
8/1/2016,143.44%
9/1/2016,143.89%
10/1/2016,143.39%
11/1/2016,141.07%
12/1/2016,141.77%
1/1/2017,140.71%
2/1/2017,141.25%
3/1/2017,143.11%
4/1/2017,143.49%
5/1/2017,144.56%
6/1/2017,144.40%
7/1/2017,145.08%
8/1/2017,146.75%
9/1/2017,145.10%
10/1/2017,145.90%
11/1/2017,144.85%
12/1/2017,146.04%
1/1/2018,143.76%
2/1/2018,145.51%
3/1/2018,144.92%
4/1/2018,145.25%
5/1/2018,148.12%
6/1/2018,150.41%
7/1/2018,150.13%
8/1/2018,150.17%
9/1/2018,149.68%
10/1/2018,149.62%
11/1/2018,153.29%
12/1/2018,157.29%
1/1/2019,157.13%
2/1/2019,155.78%
3/1/2019,156.87%
4/1/2019,156.57%
5/1/2019,155.27%
6/1/2019,156.39%
7/1/2019,155.66%
8/1/2019,155.53%
9/1/2019,156.41%
10/1/2019,155.94%
11/1/2019,158.26%
12/1/2019,157.91%
1/1/2020,159.76%
2/1/2020,162.47%
3/1/2020,167.62%
4/1/2020,165.19%
5/1/2020,165.11%
6/1/2020,169.43%
7/1/2020,172.03%
8/1/2020,167.33%
9/1/2020,167.80%
10/1/2020,171.94%
11/1/2020,171.35%
12/1/2020,172.58%
1/1/2021,176.57%
2/1/2021,177.37%
3/1/2021,178.09%
4/1/2021,177.13%
5/1/2021,176.46%
Total Result,
