First 15 Outperformance?,- all -,,
,,,
Sum of Long Short SPY Reversal,Postive SPY Returns 1 to 15,,
Start of Month,0.00%,100.00%,Total Result
7/1/2002,0.00%,0.00%,0.00%
8/1/2002,0.00%,4.23%,4.23%
9/1/2002,-2.26%,4.23%,1.97%
10/1/2002,-2.26%,6.08%,3.82%
11/1/2002,-2.26%,6.20%,3.94%
12/1/2002,-4.24%,6.20%,1.96%
1/1/2003,-4.24%,9.23%,5.00%
2/1/2003,-2.93%,9.23%,6.30%
3/1/2003,-2.93%,14.89%,11.95%
4/1/2003,-2.93%,14.26%,11.33%
5/1/2003,-2.93%,9.73%,6.80%
6/1/2003,-2.93%,11.56%,8.63%
7/1/2003,-2.93%,11.34%,8.41%
8/1/2003,-2.93%,10.68%,7.75%
9/1/2003,-2.93%,13.25%,10.32%
10/1/2003,-2.93%,12.83%,9.90%
11/1/2003,-0.80%,12.83%,12.02%
12/1/2003,-0.80%,10.67%,9.86%
1/1/2004,-0.80%,11.50%,10.70%
2/1/2004,-0.80%,11.13%,10.32%
3/1/2004,1.02%,11.13%,12.14%
4/1/2004,1.02%,14.05%,15.06%
5/1/2004,3.75%,14.05%,17.80%
6/1/2004,3.75%,13.38%,17.14%
7/1/2004,4.62%,13.38%,18.01%
8/1/2004,5.19%,13.38%,18.58%
9/1/2004,5.19%,13.19%,18.39%
10/1/2004,6.94%,13.19%,20.13%
11/1/2004,6.94%,12.80%,19.74%
12/1/2004,6.94%,12.40%,19.34%
1/1/2005,8.31%,12.40%,20.71%
2/1/2005,8.31%,10.70%,19.01%
3/1/2005,8.19%,10.70%,18.89%
4/1/2005,7.97%,10.70%,18.67%
5/1/2005,7.97%,10.40%,18.37%
6/1/2005,7.97%,12.30%,20.27%
7/1/2005,7.97%,12.14%,20.11%
8/1/2005,8.06%,12.14%,20.20%
9/1/2005,9.45%,12.14%,21.59%
10/1/2005,11.13%,12.14%,23.27%
11/1/2005,11.13%,12.42%,23.55%
12/1/2005,11.13%,13.63%,24.76%
1/1/2006,11.13%,12.88%,24.01%
2/1/2006,11.13%,13.69%,24.82%
3/1/2006,11.13%,13.51%,24.64%
4/1/2006,11.13%,13.08%,24.21%
5/1/2006,11.45%,13.08%,24.53%
6/1/2006,13.25%,13.08%,26.33%
7/1/2006,14.54%,13.08%,27.62%
8/1/2006,14.54%,12.69%,27.23%
9/1/2006,14.54%,11.10%,25.64%
10/1/2006,14.54%,10.40%,24.95%
11/1/2006,14.54%,10.48%,25.02%
12/1/2006,14.54%,10.48%,25.02%
1/1/2007,14.54%,10.62%,25.16%
2/1/2007,14.54%,14.07%,28.61%
3/1/2007,14.54%,14.97%,29.51%
4/1/2007,14.54%,14.82%,29.36%
5/1/2007,14.54%,14.31%,28.85%
6/1/2007,13.52%,14.31%,27.82%
7/1/2007,13.52%,19.81%,33.33%
8/1/2007,15.34%,19.81%,35.15%
9/1/2007,15.34%,19.23%,34.56%
10/1/2007,18.61%,19.23%,37.84%
11/1/2007,23.42%,19.23%,42.65%
12/1/2007,23.42%,20.53%,43.95%
1/1/2008,26.01%,20.53%,46.54%
2/1/2008,24.67%,20.53%,45.20%
3/1/2008,24.67%,22.60%,47.27%
4/1/2008,24.67%,22.80%,47.47%
5/1/2008,24.67%,22.19%,46.86%
6/1/2008,21.90%,22.19%,44.09%
7/1/2008,21.38%,22.19%,43.57%
8/1/2008,21.38%,21.42%,42.80%
9/1/2008,16.90%,21.42%,38.32%
10/1/2008,17.91%,21.42%,39.33%
11/1/2008,30.39%,21.42%,51.81%
12/1/2008,32.68%,21.42%,54.10%
1/1/2009,32.35%,21.42%,53.77%
2/1/2009,31.38%,21.42%,52.80%
3/1/2009,31.38%,17.82%,49.20%
4/1/2009,31.38%,14.47%,45.85%
5/1/2009,31.38%,10.82%,42.20%
6/1/2009,31.38%,10.91%,42.29%
7/1/2009,31.38%,7.56%,38.94%
8/1/2009,31.38%,8.06%,39.43%
9/1/2009,31.38%,9.45%,40.83%
10/1/2009,31.38%,13.86%,45.24%
11/1/2009,31.38%,13.39%,44.77%
12/1/2009,31.38%,13.30%,44.67%
1/1/2010,29.19%,13.30%,42.48%
2/1/2010,29.19%,13.67%,42.86%
3/1/2010,29.19%,12.79%,41.98%
4/1/2010,29.19%,14.63%,43.82%
5/1/2010,29.42%,14.63%,44.06%
6/1/2010,29.42%,22.27%,51.69%
7/1/2010,29.42%,21.53%,50.95%
8/1/2010,27.34%,21.53%,48.87%
9/1/2010,27.34%,20.91%,48.24%
10/1/2010,27.34%,20.60%,47.94%
11/1/2010,27.34%,22.11%,49.45%
12/1/2010,27.34%,21.82%,49.16%
1/1/2011,27.34%,22.15%,49.49%
2/1/2011,27.34%,21.15%,48.49%
3/1/2011,29.51%,21.15%,50.66%
4/1/2011,29.51%,19.19%,48.70%
5/1/2011,30.47%,19.19%,49.66%
6/1/2011,32.40%,19.19%,51.59%
7/1/2011,32.40%,23.17%,55.57%
8/1/2011,40.56%,23.17%,63.73%
9/1/2011,40.82%,23.17%,63.99%
10/1/2011,40.82%,21.94%,62.76%
11/1/2011,45.18%,21.94%,67.12%
12/1/2011,46.24%,21.94%,68.19%
1/1/2012,46.24%,22.05%,68.29%
2/1/2012,46.24%,21.33%,67.57%
3/1/2012,46.24%,20.90%,67.14%
4/1/2012,48.47%,20.90%,69.37%
5/1/2012,48.09%,20.90%,68.99%
6/1/2012,48.09%,18.17%,66.26%
7/1/2012,50.01%,18.17%,68.18%
8/1/2012,50.01%,18.60%,68.61%
9/1/2012,50.01%,19.76%,69.77%
10/1/2012,48.58%,19.76%,68.33%
11/1/2012,50.49%,19.76%,70.25%
12/1/2012,50.49%,20.02%,70.52%
1/1/2013,50.49%,19.80%,70.30%
2/1/2013,50.49%,19.99%,70.48%
3/1/2013,50.49%,18.50%,69.00%
4/1/2013,53.16%,18.50%,71.66%
5/1/2013,53.16%,20.75%,73.91%
6/1/2013,54.01%,20.75%,74.76%
7/1/2013,54.01%,21.22%,75.22%
8/1/2013,53.45%,21.22%,74.67%
9/1/2013,53.45%,22.36%,75.81%
10/1/2013,53.45%,21.56%,75.01%
11/1/2013,53.45%,20.96%,74.41%
12/1/2013,53.45%,19.25%,72.70%
1/1/2014,50.90%,19.25%,70.15%
2/1/2014,50.90%,18.50%,69.40%
3/1/2014,50.90%,18.07%,68.97%
4/1/2014,50.90%,17.85%,68.74%
5/1/2014,50.90%,15.99%,66.88%
6/1/2014,50.90%,16.10%,67.00%
7/1/2014,50.90%,18.71%,69.61%
8/1/2014,50.90%,18.11%,69.00%
9/1/2014,49.82%,18.11%,67.93%
10/1/2014,53.66%,18.11%,71.77%
11/1/2014,53.66%,17.86%,71.51%
12/1/2014,53.66%,18.33%,71.99%
1/1/2015,50.93%,18.33%,69.26%
2/1/2015,50.93%,18.59%,69.52%
3/1/2015,50.93%,20.50%,71.43%
4/1/2015,50.93%,21.54%,72.47%
5/1/2015,50.93%,22.65%,73.58%
6/1/2015,50.93%,25.01%,75.94%
7/1/2015,50.93%,25.41%,76.34%
8/1/2015,50.88%,25.41%,76.29%
9/1/2015,49.68%,25.41%,75.09%
10/1/2015,49.68%,22.44%,72.13%
11/1/2015,49.68%,22.74%,72.42%
12/1/2015,50.77%,22.74%,73.51%
1/1/2016,53.96%,22.74%,76.70%
2/1/2016,53.96%,23.37%,77.32%
3/1/2016,53.96%,22.95%,76.91%
4/1/2016,53.96%,24.22%,78.18%
5/1/2016,56.05%,24.22%,80.28%
6/1/2016,56.55%,24.22%,80.77%
7/1/2016,56.55%,24.28%,80.83%
8/1/2016,56.55%,24.81%,81.36%
9/1/2016,56.55%,25.22%,81.77%
10/1/2016,55.88%,25.22%,81.10%
11/1/2016,55.88%,25.11%,80.99%
12/1/2016,55.88%,26.11%,81.99%
1/1/2017,55.88%,26.14%,82.02%
2/1/2017,55.88%,26.06%,81.94%
3/1/2017,56.74%,26.06%,82.80%
4/1/2017,56.74%,25.68%,82.41%
5/1/2017,56.74%,24.37%,81.11%
6/1/2017,56.74%,24.85%,81.58%
7/1/2017,56.74%,24.87%,81.60%
8/1/2017,58.61%,24.87%,83.47%
9/1/2017,58.61%,24.15%,82.76%
10/1/2017,58.61%,24.14%,82.74%
11/1/2017,58.61%,22.22%,80.83%
12/1/2017,58.61%,22.49%,81.10%
1/1/2018,58.61%,22.99%,81.59%
2/1/2018,59.07%,22.99%,82.05%
3/1/2018,56.34%,22.99%,79.33%
4/1/2018,56.34%,23.78%,80.12%
5/1/2018,56.34%,24.67%,81.01%
6/1/2018,56.34%,25.75%,82.09%
7/1/2018,56.34%,25.35%,81.69%
8/1/2018,56.34%,23.97%,80.31%
9/1/2018,56.34%,24.08%,80.42%
10/1/2018,54.28%,24.08%,78.36%
11/1/2018,58.22%,24.08%,82.30%
12/1/2018,64.65%,24.08%,88.73%
1/1/2019,64.65%,21.63%,86.29%
2/1/2019,64.65%,21.80%,86.45%
3/1/2019,64.65%,22.59%,87.25%
4/1/2019,64.65%,21.31%,85.96%
5/1/2019,60.65%,21.31%,81.96%
6/1/2019,60.65%,21.65%,82.30%
7/1/2019,60.65%,21.81%,82.46%
8/1/2019,60.65%,21.81%,82.46%
9/1/2019,60.65%,22.29%,82.94%
10/1/2019,60.65%,21.18%,81.84%
11/1/2019,60.65%,19.89%,80.54%
12/1/2019,60.65%,19.54%,80.19%
1/1/2020,60.65%,22.60%,83.25%
2/1/2020,60.65%,31.06%,91.71%
3/1/2020,72.57%,31.06%,103.62%
4/1/2020,72.57%,27.06%,99.63%
5/1/2020,72.57%,23.91%,96.48%
6/1/2020,72.57%,24.00%,96.57%
7/1/2020,72.57%,24.10%,96.67%
8/1/2020,72.57%,21.25%,93.82%
9/1/2020,73.95%,21.25%,95.20%
10/1/2020,73.95%,26.09%,100.04%
11/1/2020,73.95%,24.21%,98.16%
12/1/2020,73.95%,22.59%,96.54%
1/1/2021,73.95%,26.39%,100.33%
2/1/2021,73.95%,28.12%,102.07%
3/1/2021,73.95%,26.38%,100.33%
4/1/2021,73.95%,25.17%,99.11%
5/1/2021,73.95%,25.17%,99.11%
Total Result,,,
