,,,
,,,
Sum of Long/Short Start of Month,First 15 Outperformance?,,
Start of Month,0.00%,100.00%,Total Result
7/1/2002,0.00%,-4.82%,-4.82%
8/1/2002,0.00%,-6.76%,-6.76%
9/1/2002,2.87%,-6.76%,-3.89%
10/1/2002,2.87%,-5.86%,-2.99%
11/1/2002,2.87%,-9.13%,-6.26%
12/1/2002,-2.45%,-9.13%,-11.58%
1/1/2003,-2.45%,-13.01%,-15.46%
2/1/2003,-0.10%,-13.01%,-13.10%
3/1/2003,-0.10%,-7.27%,-7.36%
4/1/2003,-0.10%,-7.11%,-7.21%
5/1/2003,-2.51%,-7.11%,-9.63%
6/1/2003,-2.51%,-1.33%,-3.84%
7/1/2003,-2.51%,-4.45%,-6.96%
8/1/2003,-2.51%,-2.18%,-4.69%
9/1/2003,-10.42%,-2.18%,-12.60%
10/1/2003,-10.42%,-0.29%,-10.72%
11/1/2003,-9.52%,-0.29%,-9.81%
12/1/2003,-11.38%,-0.29%,-11.67%
1/1/2004,-11.38%,-0.24%,-11.62%
2/1/2004,-11.05%,-0.24%,-11.30%
3/1/2004,-15.70%,-0.24%,-15.95%
4/1/2004,-15.70%,1.28%,-14.43%
5/1/2004,-15.70%,4.42%,-11.28%
6/1/2004,-15.70%,0.52%,-15.18%
7/1/2004,-9.50%,0.52%,-8.98%
8/1/2004,-10.96%,0.52%,-10.44%
9/1/2004,-13.70%,0.52%,-13.18%
10/1/2004,-18.67%,0.52%,-18.15%
11/1/2004,-18.67%,-0.75%,-19.42%
12/1/2004,-16.65%,-0.75%,-17.40%
1/1/2005,-16.12%,-0.75%,-16.87%
2/1/2005,-16.12%,-0.23%,-16.35%
3/1/2005,-17.60%,-0.23%,-17.83%
4/1/2005,-19.90%,-0.23%,-20.13%
5/1/2005,-19.90%,-1.63%,-21.53%
6/1/2005,-19.90%,1.97%,-17.93%
7/1/2005,-19.90%,2.47%,-17.43%
8/1/2005,-22.71%,2.47%,-20.24%
9/1/2005,-22.71%,-0.37%,-23.08%
10/1/2005,-25.53%,-0.37%,-25.89%
11/1/2005,-25.53%,0.10%,-25.43%
12/1/2005,-25.53%,3.59%,-21.93%
1/1/2006,-25.53%,1.35%,-24.17%
2/1/2006,-27.66%,1.35%,-26.31%
3/1/2006,-27.66%,2.43%,-25.23%
4/1/2006,-27.66%,3.11%,-24.56%
5/1/2006,-24.27%,3.11%,-21.17%
6/1/2006,-23.49%,3.11%,-20.38%
7/1/2006,-22.47%,3.11%,-19.37%
8/1/2006,-22.66%,3.11%,-19.55%
9/1/2006,-24.61%,3.11%,-21.50%
10/1/2006,-24.61%,3.61%,-21.00%
11/1/2006,-24.61%,3.99%,-20.62%
12/1/2006,-24.61%,2.54%,-22.07%
1/1/2007,-24.61%,2.15%,-22.46%
2/1/2007,-22.94%,2.15%,-20.79%
3/1/2007,-22.94%,4.75%,-18.19%
4/1/2007,-22.94%,5.69%,-17.25%
5/1/2007,-22.94%,5.45%,-17.49%
6/1/2007,-22.94%,8.48%,-14.46%
7/1/2007,-22.94%,9.99%,-12.95%
8/1/2007,-18.95%,9.99%,-8.96%
9/1/2007,-18.95%,12.22%,-6.73%
10/1/2007,-13.24%,12.22%,-1.02%
11/1/2007,-17.17%,12.22%,-4.95%
12/1/2007,-17.17%,5.47%,-11.70%
1/1/2008,-16.80%,5.47%,-11.33%
2/1/2008,-16.80%,4.13%,-12.67%
3/1/2008,-21.33%,4.13%,-17.20%
4/1/2008,-21.33%,6.60%,-14.73%
5/1/2008,-21.33%,2.77%,-18.56%
6/1/2008,-19.58%,2.77%,-16.81%
7/1/2008,-19.58%,2.46%,-17.11%
8/1/2008,-15.66%,2.46%,-13.20%
9/1/2008,3.57%,2.46%,6.03%
10/1/2008,8.61%,2.46%,11.07%
11/1/2008,15.76%,2.46%,18.23%
12/1/2008,9.02%,2.46%,11.49%
1/1/2009,9.02%,8.50%,17.52%
2/1/2009,18.62%,8.50%,27.12%
3/1/2009,18.62%,13.71%,32.33%
4/1/2009,18.62%,20.76%,39.38%
5/1/2009,18.62%,27.29%,45.91%
6/1/2009,18.62%,20.56%,39.18%
7/1/2009,18.62%,27.27%,45.89%
8/1/2009,18.62%,29.57%,48.19%
9/1/2009,18.62%,28.93%,47.55%
10/1/2009,18.62%,34.58%,53.21%
11/1/2009,18.62%,38.41%,57.04%
12/1/2009,18.62%,41.85%,60.48%
1/1/2010,19.30%,41.85%,61.16%
2/1/2010,19.30%,46.20%,65.50%
3/1/2010,19.30%,48.14%,67.45%
4/1/2010,19.30%,37.55%,56.86%
5/1/2010,25.34%,37.55%,62.90%
6/1/2010,25.34%,42.94%,68.28%
7/1/2010,25.34%,44.90%,70.24%
8/1/2010,17.45%,44.90%,62.34%
9/1/2010,17.45%,46.84%,64.29%
10/1/2010,17.45%,52.49%,69.94%
11/1/2010,17.45%,60.14%,77.59%
12/1/2010,17.45%,63.13%,80.58%
1/1/2011,17.45%,67.47%,84.92%
2/1/2011,17.45%,68.22%,85.67%
3/1/2011,15.38%,68.22%,83.60%
4/1/2011,18.70%,68.22%,86.92%
5/1/2011,22.89%,68.22%,91.11%
6/1/2011,22.75%,68.22%,90.97%
7/1/2011,34.89%,68.22%,103.11%
8/1/2011,42.82%,68.22%,111.04%
9/1/2011,38.68%,68.22%,106.91%
10/1/2011,38.68%,67.43%,106.11%
11/1/2011,37.39%,67.43%,104.81%
12/1/2011,33.12%,67.43%,100.55%
1/1/2012,33.12%,73.66%,106.78%
2/1/2012,33.12%,72.89%,106.02%
3/1/2012,33.12%,67.84%,100.96%
4/1/2012,36.08%,67.84%,103.92%
5/1/2012,33.97%,67.84%,101.81%
6/1/2012,33.97%,64.70%,98.67%
7/1/2012,29.28%,64.70%,93.98%
8/1/2012,29.28%,68.83%,98.11%
9/1/2012,29.28%,72.62%,101.90%
10/1/2012,29.28%,70.72%,100.00%
11/1/2012,29.00%,70.72%,99.72%
12/1/2012,29.00%,74.52%,103.53%
1/1/2013,29.00%,75.69%,104.69%
2/1/2013,29.00%,79.72%,108.73%
3/1/2013,29.00%,74.33%,103.33%
4/1/2013,25.06%,74.33%,99.39%
5/1/2013,25.06%,76.05%,101.11%
6/1/2013,25.06%,80.89%,105.95%
7/1/2013,25.06%,81.75%,106.81%
8/1/2013,25.06%,86.65%,111.71%
9/1/2013,25.06%,86.29%,111.35%
10/1/2013,25.06%,87.10%,112.16%
11/1/2013,25.06%,88.24%,113.30%
12/1/2013,25.06%,86.90%,111.96%
1/1/2014,23.08%,86.90%,109.99%
2/1/2014,23.08%,90.21%,113.30%
3/1/2014,23.08%,88.51%,111.59%
4/1/2014,24.43%,88.51%,112.94%
5/1/2014,21.08%,88.51%,109.58%
6/1/2014,21.08%,89.20%,110.28%
7/1/2014,23.97%,89.20%,113.17%
8/1/2014,23.97%,91.70%,115.66%
9/1/2014,23.97%,86.90%,110.87%
10/1/2014,23.80%,86.90%,110.70%
11/1/2014,23.80%,88.21%,112.01%
12/1/2014,26.54%,88.21%,114.75%
1/1/2015,18.30%,88.21%,106.51%
2/1/2015,18.30%,91.27%,109.56%
3/1/2015,18.09%,91.27%,109.36%
4/1/2015,18.09%,94.29%,112.38%
5/1/2015,18.09%,97.68%,115.77%
6/1/2015,18.09%,94.47%,112.56%
7/1/2015,18.09%,91.58%,109.67%
8/1/2015,17.89%,91.58%,109.47%
9/1/2015,13.65%,91.58%,105.23%
10/1/2015,13.65%,95.50%,109.15%
11/1/2015,13.65%,94.88%,108.53%
12/1/2015,21.97%,94.88%,116.85%
1/1/2016,26.29%,94.88%,121.17%
2/1/2016,21.06%,94.88%,115.94%
3/1/2016,21.06%,92.21%,113.26%
4/1/2016,21.06%,90.88%,111.94%
5/1/2016,22.21%,90.88%,113.10%
6/1/2016,24.22%,90.88%,115.10%
7/1/2016,24.22%,93.73%,117.95%
8/1/2016,24.22%,95.57%,119.79%
9/1/2016,24.22%,97.45%,121.67%
10/1/2016,24.22%,98.02%,122.24%
11/1/2016,24.22%,99.58%,123.80%
12/1/2016,24.22%,98.64%,122.86%
1/1/2017,24.22%,98.63%,122.85%
2/1/2017,24.22%,101.42%,125.64%
3/1/2017,24.22%,100.98%,125.20%
4/1/2017,22.88%,100.98%,123.86%
5/1/2017,22.60%,100.98%,123.58%
6/1/2017,20.78%,100.98%,121.76%
7/1/2017,20.78%,100.38%,121.16%
8/1/2017,22.14%,100.38%,122.52%
9/1/2017,22.14%,102.37%,124.50%
10/1/2017,22.14%,101.01%,123.15%
11/1/2017,23.93%,101.01%,124.94%
12/1/2017,23.93%,104.59%,128.53%
1/1/2018,23.93%,102.44%,126.38%
2/1/2018,23.93%,103.28%,127.22%
3/1/2018,24.80%,103.28%,128.08%
4/1/2018,24.80%,104.22%,129.02%
5/1/2018,24.80%,107.43%,132.24%
6/1/2018,24.80%,109.42%,134.22%
7/1/2018,24.80%,111.56%,136.36%
8/1/2018,24.80%,111.76%,136.56%
9/1/2018,24.80%,114.21%,139.01%
10/1/2018,20.34%,114.21%,134.55%
11/1/2018,27.91%,114.21%,142.12%
12/1/2018,25.14%,114.21%,139.35%
1/1/2019,25.14%,114.17%,139.31%
2/1/2019,25.14%,111.77%,136.91%
3/1/2019,21.31%,111.77%,133.08%
4/1/2019,21.31%,108.42%,129.73%
5/1/2019,17.04%,108.42%,125.47%
6/1/2019,17.04%,109.67%,126.72%
7/1/2019,17.04%,101.01%,118.05%
8/1/2019,12.46%,101.01%,113.48%
9/1/2019,12.46%,98.40%,110.87%
10/1/2019,12.46%,103.98%,116.44%
11/1/2019,12.46%,105.47%,117.93%
12/1/2019,12.46%,105.34%,117.81%
1/1/2020,8.42%,105.34%,113.76%
2/1/2020,15.28%,105.34%,120.62%
3/1/2020,13.40%,105.34%,118.75%
4/1/2020,13.40%,104.61%,118.01%
5/1/2020,13.40%,113.98%,127.38%
6/1/2020,13.40%,115.99%,129.39%
7/1/2020,13.40%,118.97%,132.37%
8/1/2020,13.40%,113.18%,126.59%
9/1/2020,9.29%,113.18%,122.47%
10/1/2020,9.29%,118.90%,128.19%
11/1/2020,9.29%,122.88%,132.17%
12/1/2020,9.29%,128.98%,138.27%
1/1/2021,9.29%,136.17%,145.46%
2/1/2021,9.29%,139.89%,149.18%
3/1/2021,9.29%,140.91%,150.20%
4/1/2021,9.29%,141.49%,150.78%
5/1/2021,9.29%,141.49%,150.78%
Total Result,,,
