Start of Month,Sum of Window Dressing
7/1/2002,-0.02%
8/1/2002,2.53%
9/1/2002,5.27%
10/1/2002,2.39%
11/1/2002,-1.73%
12/1/2002,0.35%
1/1/2003,3.37%
2/1/2003,4.90%
3/1/2003,2.58%
4/1/2003,7.43%
5/1/2003,10.68%
6/1/2003,8.98%
7/1/2003,2.96%
8/1/2003,0.82%
9/1/2003,6.77%
10/1/2003,11.07%
11/1/2003,14.60%
12/1/2003,13.38%
1/1/2004,15.20%
2/1/2004,15.85%
3/1/2004,14.25%
4/1/2004,14.42%
5/1/2004,19.01%
6/1/2004,23.12%
7/1/2004,22.31%
8/1/2004,21.33%
9/1/2004,22.55%
10/1/2004,26.79%
11/1/2004,27.22%
12/1/2004,26.94%
1/1/2005,30.47%
2/1/2005,24.71%
3/1/2005,21.75%
4/1/2005,26.35%
5/1/2005,31.73%
6/1/2005,29.99%
7/1/2005,30.19%
8/1/2005,36.00%
9/1/2005,36.45%
10/1/2005,34.17%
11/1/2005,37.03%
12/1/2005,39.83%
1/1/2006,38.38%
2/1/2006,38.21%
3/1/2006,38.19%
4/1/2006,37.99%
5/1/2006,37.95%
6/1/2006,34.94%
7/1/2006,36.18%
8/1/2006,37.09%
9/1/2006,39.90%
10/1/2006,42.13%
11/1/2006,44.23%
12/1/2006,41.75%
1/1/2007,38.23%
2/1/2007,39.17%
3/1/2007,36.08%
4/1/2007,38.40%
5/1/2007,34.75%
6/1/2007,38.84%
7/1/2007,44.63%
8/1/2007,46.63%
9/1/2007,41.33%
10/1/2007,43.35%
11/1/2007,46.05%
12/1/2007,50.28%
1/1/2008,49.10%
2/1/2008,52.96%
3/1/2008,58.62%
4/1/2008,57.75%
5/1/2008,58.15%
6/1/2008,58.98%
7/1/2008,56.28%
8/1/2008,58.08%
9/1/2008,54.52%
10/1/2008,43.79%
11/1/2008,53.34%
12/1/2008,56.67%
1/1/2009,54.38%
2/1/2009,55.12%
3/1/2009,53.92%
4/1/2009,51.85%
5/1/2009,54.47%
6/1/2009,63.97%
7/1/2009,59.86%
8/1/2009,70.72%
9/1/2009,76.82%
10/1/2009,72.48%
11/1/2009,78.22%
12/1/2009,77.69%
1/1/2010,81.69%
2/1/2010,81.35%
3/1/2010,81.72%
4/1/2010,85.88%
5/1/2010,82.81%
6/1/2010,83.59%
7/1/2010,85.92%
8/1/2010,94.09%
9/1/2010,97.87%
10/1/2010,94.13%
11/1/2010,96.71%
12/1/2010,101.05%
1/1/2011,101.72%
2/1/2011,106.97%
3/1/2011,111.11%
4/1/2011,116.47%
5/1/2011,116.48%
6/1/2011,114.76%
7/1/2011,115.71%
8/1/2011,115.49%
9/1/2011,117.31%
10/1/2011,117.19%
11/1/2011,116.35%
12/1/2011,119.56%
1/1/2012,123.79%
2/1/2012,128.40%
3/1/2012,124.51%
4/1/2012,122.83%
5/1/2012,129.56%
6/1/2012,131.19%
7/1/2012,129.80%
8/1/2012,134.11%
9/1/2012,136.50%
10/1/2012,140.60%
11/1/2012,140.50%
12/1/2012,138.16%
1/1/2013,138.17%
2/1/2013,140.07%
3/1/2013,143.57%
4/1/2013,139.30%
5/1/2013,136.57%
6/1/2013,135.03%
7/1/2013,138.08%
8/1/2013,137.90%
9/1/2013,143.55%
10/1/2013,144.93%
11/1/2013,144.80%
12/1/2013,145.27%
1/1/2014,149.97%
2/1/2014,152.76%
3/1/2014,158.00%
4/1/2014,159.54%
5/1/2014,160.21%
6/1/2014,163.89%
7/1/2014,165.41%
8/1/2014,166.39%
9/1/2014,169.36%
10/1/2014,166.40%
11/1/2014,168.00%
12/1/2014,173.05%
1/1/2015,176.57%
2/1/2015,180.71%
3/1/2015,190.94%
4/1/2015,186.36%
5/1/2015,189.63%
6/1/2015,193.60%
7/1/2015,192.90%
8/1/2015,188.85%
9/1/2015,191.27%
10/1/2015,191.34%
11/1/2015,196.28%
12/1/2015,195.07%
1/1/2016,195.94%
2/1/2016,196.38%
3/1/2016,199.63%
4/1/2016,195.08%
5/1/2016,193.83%
6/1/2016,196.47%
7/1/2016,191.53%
8/1/2016,195.24%
9/1/2016,196.35%
10/1/2016,196.80%
11/1/2016,188.81%
12/1/2016,187.68%
1/1/2017,184.00%
2/1/2017,184.31%
3/1/2017,188.80%
4/1/2017,189.94%
5/1/2017,193.13%
6/1/2017,192.66%
7/1/2017,195.17%
8/1/2017,196.43%
9/1/2017,192.10%
10/1/2017,193.54%
11/1/2017,190.38%
12/1/2017,189.29%
1/1/2018,187.93%
2/1/2018,190.90%
3/1/2018,194.57%
4/1/2018,193.35%
5/1/2018,195.40%
6/1/2018,197.78%
7/1/2018,195.49%
8/1/2018,198.07%
9/1/2018,197.09%
10/1/2018,201.02%
11/1/2018,204.18%
12/1/2018,203.31%
1/1/2019,203.82%
2/1/2019,202.21%
3/1/2019,205.48%
4/1/2019,206.88%
5/1/2019,210.98%
6/1/2019,211.65%
7/1/2019,211.82%
8/1/2019,211.44%
9/1/2019,213.99%
10/1/2019,210.16%
11/1/2019,217.73%
12/1/2019,217.10%
1/1/2020,222.66%
2/1/2020,230.77%
3/1/2020,222.42%
4/1/2020,221.74%
5/1/2020,220.42%
6/1/2020,229.86%
7/1/2020,233.21%
8/1/2020,229.12%
9/1/2020,227.77%
10/1/2020,229.08%
11/1/2020,228.19%
12/1/2020,231.07%
1/1/2021,235.67%
2/1/2021,234.83%
3/1/2021,235.17%
4/1/2021,233.62%
5/1/2021,231.60%
Total Result,
