First 15 Outperformance?,100.00%
,
Start of Month,Sum of Long Only Reversal
7/1/2002,0.00%
8/1/2002,1.47%
10/1/2002,4.03%
11/1/2002,3.36%
1/1/2003,4.06%
3/1/2003,7.32%
4/1/2003,9.23%
6/1/2003,7.89%
7/1/2003,3.98%
8/1/2003,4.76%
10/1/2003,6.01%
1/1/2004,5.62%
4/1/2004,4.58%
5/1/2004,6.23%
6/1/2004,7.74%
11/1/2004,6.24%
2/1/2005,5.75%
5/1/2005,7.40%
6/1/2005,9.33%
7/1/2005,8.85%
9/1/2005,7.66%
11/1/2005,7.20%
12/1/2005,9.13%
1/1/2006,7.42%
3/1/2006,5.15%
4/1/2006,3.60%
10/1/2006,5.75%
11/1/2006,6.71%
12/1/2006,5.20%
1/1/2007,4.72%
3/1/2007,3.07%
4/1/2007,3.02%
5/1/2007,2.08%
6/1/2007,4.40%
7/1/2007,6.52%
9/1/2007,7.18%
12/1/2007,9.06%
2/1/2008,11.43%
4/1/2008,11.41%
5/1/2008,9.02%
7/1/2008,10.47%
1/1/2009,6.74%
3/1/2009,8.45%
4/1/2009,4.93%
5/1/2009,4.49%
6/1/2009,7.58%
7/1/2009,9.82%
8/1/2009,12.80%
9/1/2009,15.34%
10/1/2009,14.97%
11/1/2009,16.54%
12/1/2009,15.52%
2/1/2010,18.38%
3/1/2010,16.43%
4/1/2010,18.30%
6/1/2010,22.66%
7/1/2010,22.29%
9/1/2010,23.15%
10/1/2010,22.87%
11/1/2010,24.73%
12/1/2010,25.43%
1/1/2011,25.06%
2/1/2011,26.78%
10/1/2011,29.18%
1/1/2012,32.89%
2/1/2012,33.48%
3/1/2012,33.84%
6/1/2012,32.64%
8/1/2012,36.91%
9/1/2012,38.30%
10/1/2012,39.62%
12/1/2012,38.96%
1/1/2013,36.63%
2/1/2013,37.89%
3/1/2013,38.33%
5/1/2013,35.41%
6/1/2013,37.27%
7/1/2013,35.74%
8/1/2013,39.45%
9/1/2013,40.12%
10/1/2013,41.00%
11/1/2013,42.45%
12/1/2013,40.45%
2/1/2014,42.47%
3/1/2014,43.27%
6/1/2014,44.80%
8/1/2014,46.85%
9/1/2014,48.17%
11/1/2014,50.14%
2/1/2015,51.34%
4/1/2015,49.94%
5/1/2015,51.88%
6/1/2015,50.57%
7/1/2015,52.99%
10/1/2015,51.96%
11/1/2015,52.79%
3/1/2016,54.76%
4/1/2016,55.29%
7/1/2016,57.26%
8/1/2016,58.09%
9/1/2016,58.50%
10/1/2016,56.94%
11/1/2016,56.19%
12/1/2016,57.12%
1/1/2017,56.95%
2/1/2017,58.13%
3/1/2017,58.60%
7/1/2017,57.67%
9/1/2017,56.53%
10/1/2017,56.91%
12/1/2017,58.71%
1/1/2018,57.91%
2/1/2018,59.32%
4/1/2018,59.86%
5/1/2018,63.17%
6/1/2018,64.15%
7/1/2018,64.51%
8/1/2018,64.19%
9/1/2018,64.60%
1/1/2019,65.96%
2/1/2019,64.67%
4/1/2019,65.76%
6/1/2019,66.81%
7/1/2019,67.53%
9/1/2019,68.38%
10/1/2019,70.32%
11/1/2019,70.82%
12/1/2019,69.96%
4/1/2020,68.29%
5/1/2020,67.70%
6/1/2020,68.65%
7/1/2020,70.54%
8/1/2020,68.10%
10/1/2020,67.39%
11/1/2020,66.46%
12/1/2020,66.95%
1/1/2021,65.86%
2/1/2021,66.52%
3/1/2021,67.04%
4/1/2021,65.78%
5/1/2021,65.78%
Total Result,
