,,,,,,,,,,
,,,,,,,,,,
Start of Month,Sum of First 5 Outperformance,Sum of Last 5 Outperformance,Sum of First 15 Performance,Sum of First 5 SPY,Sum of Last 5 SPY,Sum of First 15 SPY,Sum of First 5 TLT,Sum of Last 5 TLT,Sum of First 15 TLT,Sum of TLT Returns
7/1/2002,6.27%,0.00%,6.27%,6.29%,0.00%,6.29%,0.02%,0.00%,0.02%,0.02%
8/1/2002,-4.82%,-5.70%,1.02%,-3.41%,-4.23%,4.91%,1.41%,1.47%,3.90%,5.37%
9/1/2002,-1.94%,-2.59%,-12.65%,-1.23%,-2.26%,-8.82%,0.71%,0.33%,3.83%,4.16%
10/1/2002,-2.87%,-4.40%,16.07%,-3.31%,-1.85%,9.75%,-0.44%,2.56%,-6.32%,-3.76%
11/1/2002,0.90%,0.55%,6.36%,2.50%,-0.12%,6.10%,1.60%,-0.66%,-0.25%,-0.92%
12/1/2002,-3.27%,-3.83%,-6.43%,-2.10%,-1.98%,-3.86%,1.18%,1.86%,2.57%,4.43%
1/1/2003,5.32%,-3.73%,1.82%,3.52%,-3.03%,0.54%,-1.80%,0.70%,-1.27%,-0.58%
2/1/2003,-3.87%,-0.65%,-3.76%,-3.12%,1.30%,-2.66%,0.76%,1.95%,1.10%,3.05%
3/1/2003,-2.35%,-8.91%,10.49%,-1.88%,-5.65%,5.86%,0.48%,3.26%,-4.63%,-1.37%
4/1/2003,5.74%,-1.30%,8.37%,3.83%,0.62%,7.50%,-1.91%,1.92%,-0.87%,1.04%
5/1/2003,0.15%,4.72%,-5.51%,1.60%,4.54%,0.80%,1.44%,-0.18%,6.31%,6.13%
6/1/2003,2.42%,-0.49%,3.37%,2.35%,-1.84%,2.90%,-0.06%,-1.34%,-0.48%,-1.82%
7/1/2003,5.79%,4.13%,8.17%,3.54%,0.22%,1.57%,-2.24%,-3.91%,-6.60%,-10.51%
8/1/2003,-3.12%,-0.12%,0.86%,-1.41%,0.66%,1.38%,1.71%,0.78%,0.52%,1.30%
9/1/2003,2.27%,-6.35%,-0.52%,2.18%,-2.57%,1.47%,-0.09%,3.78%,1.99%,5.77%
10/1/2003,7.91%,-0.83%,9.12%,4.22%,0.42%,4.80%,-3.69%,1.25%,-4.33%,-3.08%
11/1/2003,1.89%,3.72%,-2.98%,0.29%,2.13%,-1.04%,-1.59%,-1.60%,1.94%,0.34%
12/1/2003,-0.90%,3.57%,0.00%,0.38%,2.16%,2.75%,1.28%,-1.41%,2.75%,1.34%
1/1/2004,1.86%,-0.44%,0.56%,1.87%,-0.83%,2.79%,0.01%,-0.39%,2.23%,1.84%
2/1/2004,0.05%,-0.51%,-0.40%,0.85%,0.37%,0.97%,0.80%,0.88%,1.37%,2.26%
3/1/2004,-0.33%,2.80%,-5.53%,1.18%,1.82%,-3.15%,1.50%,-0.98%,2.38%,1.40%
4/1/2004,4.65%,-1.88%,6.40%,1.34%,-2.92%,1.01%,-3.31%,-1.05%,-5.39%,-6.44%
5/1/2004,1.52%,1.09%,0.87%,-0.91%,2.74%,-1.04%,-2.42%,1.65%,-1.91%,-0.26%
6/1/2004,3.15%,-0.85%,1.63%,1.62%,0.67%,1.17%,-1.53%,1.52%,-0.47%,1.05%
7/1/2004,-3.90%,0.96%,-5.76%,-2.74%,0.87%,-4.14%,1.16%,-0.09%,1.61%,1.52%
8/1/2004,-6.20%,-0.84%,-2.99%,-3.67%,0.57%,-0.33%,2.53%,1.41%,2.67%,4.08%
9/1/2004,1.45%,1.80%,-1.74%,1.31%,0.19%,0.81%,-0.14%,-1.61%,2.55%,0.94%
10/1/2004,2.75%,1.94%,-2.41%,1.50%,1.75%,-0.47%,-1.25%,-0.19%,1.94%,1.75%
11/1/2004,4.97%,1.91%,4.87%,3.54%,0.40%,3.96%,-1.43%,-1.51%,-0.92%,-2.42%
12/1/2004,-1.27%,0.73%,-0.38%,0.18%,0.40%,2.57%,1.45%,-0.33%,2.95%,2.62%
1/1/2005,-2.02%,1.03%,-6.81%,-2.03%,1.37%,-3.64%,-0.01%,0.34%,3.17%,3.51%
2/1/2005,-0.54%,2.18%,1.37%,1.60%,1.70%,0.37%,2.14%,-0.49%,-1.00%,-1.48%
3/1/2005,0.52%,-1.14%,-0.25%,1.77%,-0.12%,-1.73%,1.25%,1.02%,-1.48%,-0.46%
4/1/2005,1.49%,-2.07%,-3.61%,1.08%,-0.22%,-1.67%,-0.41%,1.85%,1.95%,3.79%
5/1/2005,2.30%,-1.35%,1.44%,1.15%,0.30%,2.87%,-1.15%,1.66%,1.43%,3.09%
6/1/2005,-1.40%,-3.82%,1.84%,0.54%,-1.90%,2.05%,1.94%,1.92%,0.22%,2.14%
7/1/2005,3.60%,0.63%,6.56%,1.78%,0.16%,3.59%,-1.82%,-0.47%,-2.96%,-3.44%
8/1/2005,0.50%,-2.24%,-2.12%,-0.70%,0.09%,-1.03%,-1.20%,2.33%,1.09%,3.42%
9/1/2005,2.81%,2.59%,1.89%,0.75%,1.39%,-0.60%,-2.06%,-1.20%,-2.48%,-3.68%
10/1/2005,-2.83%,3.50%,-3.63%,-2.83%,1.68%,-4.07%,0.01%,-1.82%,-0.44%,-2.26%
11/1/2005,2.82%,0.18%,3.44%,1.73%,-0.28%,4.58%,-1.08%,-0.45%,1.14%,0.69%
12/1/2005,0.47%,-3.14%,0.01%,0.53%,-1.21%,1.02%,0.07%,1.93%,1.01%,2.94%
1/1/2006,3.49%,2.46%,1.63%,3.36%,0.75%,1.63%,-0.13%,-1.71%,0.00%,-1.71%
2/1/2006,-2.24%,-0.38%,-0.17%,-1.60%,-0.81%,1.38%,0.64%,-0.43%,1.54%,1.12%
3/1/2006,2.14%,2.46%,3.88%,-0.20%,0.19%,1.45%,-2.34%,-2.27%,-2.43%,-4.71%
4/1/2006,1.08%,1.98%,2.08%,-0.22%,0.43%,0.83%,-1.30%,-1.55%,-1.25%,-2.80%
5/1/2006,0.67%,1.23%,-4.49%,0.80%,0.32%,-3.38%,0.12%,-0.90%,1.11%,0.20%
6/1/2006,-3.39%,1.50%,-2.41%,-1.30%,1.80%,-1.54%,2.09%,0.30%,0.87%,1.17%
7/1/2006,-0.79%,0.67%,-2.36%,-0.34%,1.29%,-0.84%,0.45%,0.62%,1.52%,2.14%
8/1/2006,-1.01%,-0.75%,-0.10%,0.04%,0.39%,1.77%,1.05%,1.14%,1.87%,3.01%
9/1/2006,0.18%,1.82%,-1.05%,-0.28%,1.59%,1.07%,-0.46%,-0.22%,2.12%,1.90%
10/1/2006,1.95%,-1.47%,4.12%,1.06%,0.69%,2.41%,-0.89%,2.16%,-1.71%,0.45%
11/1/2006,0.50%,-1.04%,0.72%,0.59%,-0.08%,2.05%,0.09%,0.96%,1.33%,2.29%
12/1/2006,0.38%,1.51%,2.17%,0.45%,0.00%,1.33%,0.07%,-1.51%,-0.84%,-2.35%
1/1/2007,-1.45%,0.34%,2.56%,-0.39%,-0.14%,1.63%,1.06%,-0.48%,-0.93%,-1.41%
2/1/2007,-0.39%,-5.62%,-0.11%,1.01%,-3.45%,1.46%,1.40%,2.18%,1.57%,3.75%
3/1/2007,-1.67%,0.75%,2.12%,-0.98%,-0.90%,2.06%,0.69%,-1.65%,-0.06%,-1.72%
4/1/2007,2.60%,0.21%,3.59%,1.70%,0.16%,4.18%,-0.90%,-0.06%,0.58%,0.53%
5/1/2007,0.94%,1.44%,3.86%,1.78%,0.51%,2.83%,0.84%,-0.93%,-1.04%,-1.97%
6/1/2007,-0.24%,-3.34%,2.88%,-2.79%,-1.03%,-0.45%,-2.56%,2.32%,-3.33%,-1.02%
7/1/2007,3.02%,-7.63%,1.18%,1.76%,-5.51%,2.33%,-1.26%,2.12%,1.14%,3.26%
8/1/2007,1.51%,-0.02%,-0.48%,1.40%,1.82%,-0.54%,-0.11%,1.84%,-0.07%,1.77%
9/1/2007,-3.99%,-0.07%,3.64%,-1.23%,0.59%,3.21%,2.76%,0.66%,-0.43%,0.23%
10/1/2007,2.23%,3.81%,-4.26%,2.12%,3.27%,-1.93%,-0.11%,-0.53%,2.33%,1.80%
11/1/2007,-5.71%,3.82%,-12.98%,-4.46%,4.81%,-8.76%,1.25%,0.99%,4.22%,5.21%
12/1/2007,3.93%,-3.19%,2.68%,1.50%,-1.30%,0.16%,-2.43%,1.89%,-2.52%,-0.63%
1/1/2008,-6.75%,3.95%,-12.25%,-5.12%,2.59%,-8.82%,1.63%,-1.36%,3.43%,2.07%
2/1/2008,-0.38%,-3.71%,1.55%,-2.54%,-1.34%,-1.28%,-2.16%,2.37%,-2.83%,-0.46%
3/1/2008,-1.35%,-2.68%,-0.34%,-3.12%,-2.06%,1.16%,-1.77%,0.62%,1.50%,2.12%
4/1/2008,4.53%,-0.18%,7.34%,3.71%,-0.21%,4.87%,-0.82%,-0.03%,-2.48%,-2.51%
5/1/2008,2.47%,3.00%,1.23%,0.91%,0.61%,0.89%,-1.56%,-2.39%,-0.34%,-2.73%
6/1/2008,-3.83%,-5.55%,-5.78%,-2.94%,-2.77%,-5.95%,0.89%,2.78%,-0.16%,2.62%
7/1/2008,-1.75%,-1.96%,1.43%,-0.58%,-0.51%,-0.39%,1.17%,1.45%,-1.82%,-0.37%
8/1/2008,-0.31%,0.02%,-1.19%,0.14%,0.77%,0.76%,0.45%,0.75%,1.95%,2.70%
9/1/2008,-3.92%,-5.46%,-5.92%,-1.41%,-4.48%,-5.43%,2.51%,0.97%,0.49%,1.46%
10/1/2008,-19.22%,3.44%,-19.62%,-14.80%,1.01%,-19.06%,4.42%,-2.44%,0.55%,-1.88%
11/1/2008,-5.04%,9.80%,-30.41%,-3.12%,12.48%,-19.69%,1.93%,2.68%,10.72%,13.40%
12/1/2008,-7.15%,4.37%,-16.18%,-2.43%,2.30%,-1.32%,4.73%,-2.07%,14.86%,12.79%
1/1/2009,6.74%,3.39%,2.05%,0.88%,-0.34%,-8.23%,-5.86%,-3.73%,-10.28%,-14.01%
2/1/2009,6.04%,1.93%,-11.75%,4.89%,-0.97%,-10.40%,-1.15%,-2.90%,1.35%,-1.55%
3/1/2009,-9.60%,1.89%,2.17%,-7.02%,3.60%,4.42%,2.58%,1.71%,2.26%,3.96%
4/1/2009,5.21%,6.88%,9.80%,2.64%,3.35%,6.12%,-2.57%,-3.53%,-3.68%,-7.21%
5/1/2009,7.05%,4.09%,5.36%,3.86%,3.65%,2.03%,-3.19%,-0.43%,-3.33%,-3.76%
6/1/2009,6.53%,-3.19%,2.36%,2.16%,-0.10%,0.03%,-4.37%,3.09%,-2.33%,0.76%
7/1/2009,-6.73%,1.12%,5.50%,-4.39%,3.35%,3.84%,2.34%,2.24%,-1.66%,0.58%
8/1/2009,6.71%,-3.47%,4.89%,2.39%,-0.50%,4.12%,-4.32%,2.97%,-0.76%,2.21%
9/1/2009,2.30%,-3.94%,4.99%,0.47%,-1.39%,4.88%,-1.84%,2.55%,-0.12%,2.43%
10/1/2009,-0.64%,-4.04%,4.75%,0.20%,-4.41%,2.47%,0.84%,-0.38%,-2.28%,-2.65%
11/1/2009,5.66%,-1.11%,5.88%,3.39%,0.46%,5.51%,-2.27%,1.57%,-0.37%,1.21%
12/1/2009,3.83%,1.13%,7.32%,0.82%,0.10%,1.79%,-3.01%,-1.03%,-5.53%,-6.55%
1/1/2010,3.44%,-2.99%,-3.37%,2.77%,-2.19%,-1.51%,-0.67%,0.79%,1.86%,2.66%
2/1/2010,-0.68%,-3.24%,6.66%,-0.68%,-0.38%,3.45%,0.00%,2.87%,-3.21%,-0.34%
3/1/2010,4.34%,2.83%,5.16%,3.12%,0.88%,5.03%,-1.22%,-1.95%,-0.13%,-2.08%
4/1/2010,1.95%,-3.71%,1.97%,1.50%,-1.84%,3.38%,-0.45%,1.86%,1.41%,3.27%
5/1/2010,-10.59%,2.22%,-15.48%,-6.57%,0.24%,-8.52%,4.02%,-1.98%,6.96%,4.98%
6/1/2010,-6.04%,-11.99%,1.05%,-3.61%,-7.64%,2.32%,2.43%,4.36%,1.27%,5.63%
7/1/2010,5.39%,1.10%,6.45%,3.75%,0.74%,5.87%,-1.64%,-0.37%,-0.58%,-0.95%
8/1/2010,1.96%,-4.43%,-8.23%,1.90%,-2.09%,-2.52%,-0.05%,2.35%,5.71%,8.06%
9/1/2010,7.89%,-0.23%,11.36%,4.73%,0.62%,7.95%,-3.16%,0.86%,-3.40%,-2.55%
10/1/2010,1.95%,0.58%,7.74%,1.53%,0.30%,3.44%,-0.42%,-0.28%,-4.29%,-4.57%
11/1/2010,5.65%,-3.37%,5.08%,3.51%,-1.51%,1.51%,-2.14%,1.87%,-3.57%,-1.70%
12/1/2010,7.65%,-0.41%,10.64%,3.60%,0.29%,6.18%,-4.05%,0.70%,-4.45%,-3.75%
1/1/2011,3.00%,0.05%,5.39%,1.10%,-0.33%,2.63%,-1.90%,-0.37%,-2.76%,-3.13%
2/1/2011,4.33%,-0.72%,2.49%,2.52%,1.00%,2.42%,-1.81%,1.71%,-0.08%,1.64%
3/1/2011,0.76%,3.02%,-3.03%,-1.30%,2.17%,-2.16%,-2.06%,-0.84%,0.87%,0.03%
4/1/2011,2.07%,0.58%,-0.03%,0.55%,1.96%,0.89%,-1.52%,1.38%,0.93%,2.31%
5/1/2011,-3.32%,-0.47%,-4.03%,-1.65%,0.96%,-2.09%,1.68%,1.43%,1.94%,3.36%
6/1/2011,-4.19%,4.54%,-3.89%,-4.50%,1.93%,-3.63%,-0.31%,-2.61%,0.26%,-2.36%
7/1/2011,0.14%,-5.91%,-0.43%,1.82%,-3.98%,1.96%,1.68%,1.93%,2.39%,4.32%
8/1/2011,-12.15%,11.98%,-26.86%,-7.42%,8.16%,-13.82%,4.72%,-3.82%,13.05%,9.23%
9/1/2011,-7.93%,2.16%,-21.75%,-2.64%,0.26%,-7.45%,5.29%,-1.90%,14.30%,12.40%
10/1/2011,4.13%,-1.18%,15.45%,2.24%,1.23%,9.13%,-1.90%,2.40%,-6.31%,-3.91%
11/1/2011,-0.80%,6.18%,-8.55%,0.60%,4.36%,-4.77%,1.40%,-1.82%,3.79%,1.96%
12/1/2011,1.30%,-1.04%,-1.30%,1.38%,1.07%,-0.03%,0.09%,2.11%,1.28%,3.39%
1/1/2012,4.27%,-3.82%,8.68%,1.99%,-0.11%,4.64%,-2.28%,3.71%,-4.04%,-0.33%
2/1/2012,6.23%,0.14%,6.74%,2.61%,0.73%,3.52%,-3.62%,0.59%,-3.22%,-2.63%
3/1/2012,-0.76%,0.06%,7.43%,-0.98%,0.43%,2.74%,-0.21%,0.37%,-4.69%,-4.33%
4/1/2012,-5.06%,2.74%,-8.13%,-1.86%,2.23%,-2.90%,3.20%,-0.51%,5.23%,4.72%
5/1/2012,-2.96%,-3.29%,-11.55%,-2.00%,-0.38%,-5.81%,0.96%,2.91%,5.73%,8.64%
6/1/2012,2.11%,3.92%,1.75%,0.44%,2.73%,1.25%,-1.67%,-1.20%,-0.50%,-1.70%
7/1/2012,-3.14%,2.76%,-5.33%,-0.57%,1.92%,-0.74%,2.57%,-0.84%,4.58%,3.74%
8/1/2012,4.70%,-4.69%,8.49%,1.88%,-0.42%,2.90%,-2.82%,4.26%,-5.59%,-1.33%
9/1/2012,4.13%,-2.55%,7.62%,1.65%,-1.16%,3.66%,-2.48%,1.39%,-3.96%,-2.57%
10/1/2012,3.79%,-2.75%,1.40%,1.50%,-1.43%,-0.40%,-2.29%,1.32%,-1.81%,-0.49%
11/1/2012,-1.90%,1.55%,-2.36%,-1.16%,1.92%,-1.35%,0.74%,0.37%,1.00%,1.37%
12/1/2012,0.28%,0.39%,3.02%,0.18%,-0.27%,1.16%,-0.09%,-0.66%,-1.86%,-2.52%
1/1/2013,3.80%,2.55%,5.68%,2.18%,0.22%,4.77%,-1.62%,-2.33%,-0.90%,-3.24%
2/1/2013,1.17%,-1.44%,1.47%,0.84%,-0.18%,1.45%,-0.33%,1.26%,-0.02%,1.23%
3/1/2013,4.03%,1.04%,3.11%,2.07%,1.49%,2.24%,-1.96%,0.44%,-0.86%,-0.42%
4/1/2013,-5.39%,2.52%,-5.19%,-0.97%,2.67%,-0.76%,4.42%,0.15%,4.43%,4.58%
5/1/2013,3.95%,0.67%,8.67%,1.81%,-2.25%,4.58%,-2.13%,-2.92%,-4.08%,-7.00%
6/1/2013,1.72%,-1.02%,3.00%,0.82%,0.85%,-2.19%,-0.89%,1.86%,-5.19%,-3.33%
7/1/2013,4.84%,1.06%,6.26%,2.18%,-0.47%,5.51%,-2.67%,-1.53%,-0.76%,-2.28%
8/1/2013,0.86%,-4.26%,2.56%,0.28%,-0.55%,-2.49%,-0.58%,3.71%,-5.05%,-1.34%
9/1/2013,4.90%,-1.81%,4.27%,2.40%,-1.14%,4.26%,-2.50%,0.67%,-0.02%,0.65%
10/1/2013,-0.36%,-0.08%,3.19%,-0.35%,0.79%,3.73%,0.02%,0.88%,0.54%,1.42%
11/1/2013,0.81%,-0.84%,6.50%,-0.49%,0.60%,2.32%,-1.30%,1.45%,-4.18%,-2.74%
12/1/2013,1.14%,3.70%,0.74%,-0.03%,1.71%,0.85%,-1.18%,-1.99%,0.11%,-1.88%
1/1/2014,-1.34%,-3.94%,-5.76%,-0.64%,-2.55%,-1.03%,0.70%,1.39%,4.73%,6.11%
2/1/2014,1.97%,-1.28%,5.21%,0.84%,0.74%,3.71%,-1.13%,2.02%,-1.50%,0.52%
3/1/2014,3.31%,-0.37%,0.47%,1.05%,0.43%,0.39%,-2.26%,0.80%,-0.07%,0.73%
4/1/2014,-1.71%,-0.47%,-0.91%,-1.44%,0.22%,0.47%,0.27%,0.70%,1.38%,2.08%
5/1/2014,-1.35%,0.23%,-0.84%,-0.23%,1.86%,0.43%,1.12%,1.63%,1.28%,2.90%
6/1/2014,3.36%,-1.64%,3.93%,1.39%,-0.11%,2.15%,-1.96%,1.53%,-1.78%,-0.25%
7/1/2014,0.70%,-1.43%,-0.58%,0.27%,-2.61%,1.26%,-0.43%,-1.18%,1.84%,0.66%
8/1/2014,-2.89%,-1.44%,0.70%,-1.07%,0.60%,3.27%,1.82%,2.05%,2.57%,4.61%
9/1/2014,2.49%,-2.40%,3.14%,-0.06%,-1.08%,-0.31%,-2.55%,1.32%,-3.46%,-2.13%
10/1/2014,-4.79%,4.91%,-5.36%,-1.93%,3.84%,-1.51%,2.87%,-1.08%,3.85%,2.78%
11/1/2014,0.17%,-1.72%,1.51%,0.83%,0.25%,2.46%,0.66%,1.97%,0.95%,2.92%
12/1/2014,1.31%,-0.73%,-2.73%,0.39%,-0.48%,0.22%,-0.92%,0.25%,2.95%,3.20%
1/1/2015,-2.74%,-5.30%,-7.07%,0.17%,-2.73%,-0.28%,2.92%,2.57%,6.79%,9.36%
2/1/2015,8.25%,-1.46%,13.26%,3.01%,-0.26%,5.73%,-5.24%,1.20%,-7.53%,-6.33%
3/1/2015,3.06%,-1.28%,-1.39%,-1.51%,-1.91%,0.32%,-4.57%,-0.63%,1.72%,1.09%
4/1/2015,0.21%,0.36%,4.11%,0.75%,-1.04%,2.01%,0.54%,-1.40%,-2.09%,-3.49%
5/1/2015,3.03%,-3.05%,6.73%,0.20%,-1.11%,2.39%,-2.83%,1.94%,-4.34%,-2.40%
6/1/2015,3.38%,-1.05%,3.12%,-0.65%,-2.36%,0.33%,-4.04%,-1.31%,-2.78%,-4.10%
7/1/2015,-3.21%,-2.82%,0.62%,-0.66%,-0.40%,2.59%,2.54%,2.42%,1.97%,4.39%
8/1/2015,-2.89%,3.97%,-9.60%,-1.21%,-0.05%,-6.29%,1.68%,-4.01%,3.32%,-0.69%
9/1/2015,0.20%,-2.63%,-1.84%,-0.04%,-1.20%,-1.33%,-0.24%,1.43%,0.51%,1.95%
10/1/2015,4.24%,4.00%,4.60%,4.00%,2.97%,5.22%,-0.24%,-1.03%,0.62%,-0.41%
11/1/2015,3.92%,-1.12%,2.36%,1.01%,-0.30%,0.66%,-2.91%,0.83%,-1.70%,-0.87%
12/1/2015,-0.62%,3.03%,-4.46%,-0.16%,1.08%,-2.82%,0.46%,-1.94%,1.64%,-0.30%
1/1/2016,-8.32%,2.18%,-12.71%,-6.04%,3.19%,-8.30%,2.28%,1.01%,4.41%,5.42%
2/1/2016,-4.32%,-0.66%,-2.46%,-3.02%,-0.63%,0.55%,1.30%,0.03%,3.01%,3.04%
3/1/2016,5.24%,-1.55%,8.15%,3.57%,0.41%,6.09%,-1.67%,1.96%,-2.05%,-0.09%
4/1/2016,-2.67%,-1.81%,2.94%,-0.77%,-1.27%,1.66%,1.91%,0.53%,-1.27%,-0.74%
5/1/2016,-1.32%,2.09%,-1.20%,-0.30%,2.09%,-0.41%,1.03%,0.01%,0.80%,0.80%
6/1/2016,-1.16%,-3.44%,-2.92%,0.87%,0.50%,-0.15%,2.03%,3.94%,2.77%,6.70%
7/1/2016,-2.01%,-2.02%,3.53%,1.50%,-0.06%,3.64%,3.51%,1.97%,0.11%,2.08%
8/1/2016,2.85%,-1.37%,2.50%,0.49%,-0.53%,0.65%,-2.36%,0.83%,-1.85%,-1.02%
9/1/2016,1.84%,-0.81%,2.34%,0.52%,-0.41%,0.41%,-1.32%,0.41%,-1.93%,-1.52%
10/1/2016,1.88%,0.89%,1.84%,-0.58%,-0.67%,-1.08%,-2.46%,-1.56%,-2.92%,-4.48%
11/1/2016,0.57%,0.86%,11.33%,0.28%,0.10%,3.51%,-0.29%,-0.75%,-7.82%,-8.57%
12/1/2016,1.56%,-1.93%,4.40%,1.90%,-1.00%,3.01%,0.34%,0.94%,-1.40%,-0.46%
1/1/2017,-0.94%,0.14%,0.82%,1.30%,-0.03%,1.80%,2.24%,-0.17%,0.99%,0.81%
2/1/2017,-0.02%,-1.10%,3.38%,0.62%,0.08%,3.77%,0.63%,1.18%,0.39%,1.57%
3/1/2017,2.79%,0.38%,0.40%,0.22%,0.86%,-0.73%,-2.57%,0.47%,-1.13%,-0.65%
4/1/2017,-0.44%,0.86%,-1.43%,-0.23%,0.38%,0.60%,0.21%,-0.47%,2.03%,1.56%
5/1/2017,1.34%,0.75%,-1.22%,0.68%,1.30%,0.10%,-0.66%,0.56%,1.32%,1.87%
6/1/2017,0.29%,1.46%,-1.61%,0.92%,-0.47%,1.11%,0.63%,-1.93%,2.72%,0.79%
7/1/2017,1.82%,0.91%,1.78%,0.24%,-0.02%,2.05%,-1.58%,-0.93%,0.27%,-0.66%
8/1/2017,-0.60%,1.04%,-4.10%,0.44%,1.87%,-1.58%,1.04%,0.83%,2.52%,3.35%
9/1/2017,-1.36%,1.86%,2.48%,-0.37%,0.72%,1.28%,0.99%,-1.15%,-1.20%,-2.35%
10/1/2017,1.98%,-0.37%,2.74%,1.24%,0.02%,2.31%,-0.74%,0.39%,-0.42%,-0.04%
11/1/2017,-1.36%,3.20%,-0.93%,0.59%,1.91%,1.10%,1.95%,-1.29%,2.03%,0.74%
12/1/2017,-1.80%,-2.07%,1.48%,-0.36%,-0.27%,1.47%,1.44%,1.80%,-0.01%,1.79%
1/1/2018,3.59%,0.30%,8.49%,2.61%,-0.49%,5.97%,-0.97%,-0.80%,-2.51%,-3.31%
2/1/2018,-2.15%,-0.95%,0.33%,-5.18%,0.46%,-4.17%,-3.03%,1.41%,-4.49%,-3.09%
3/1/2018,0.84%,-5.07%,-0.53%,0.42%,-2.73%,-0.05%,-0.43%,2.34%,0.48%,2.82%
4/1/2018,-0.87%,-1.33%,3.96%,-1.31%,-0.79%,1.31%,-0.44%,0.54%,-2.65%,-2.11%
5/1/2018,0.94%,-4.21%,4.62%,0.91%,-0.89%,3.29%,-0.03%,3.31%,-1.33%,1.99%
6/1/2018,3.22%,-2.06%,1.99%,2.35%,-1.09%,1.66%,-0.87%,0.97%,-0.33%,0.64%
7/1/2018,1.99%,0.04%,5.04%,2.41%,0.40%,3.24%,0.42%,0.36%,-1.81%,-1.45%
8/1/2018,2.14%,1.69%,0.15%,1.50%,1.38%,1.77%,-0.64%,-0.31%,1.62%,1.31%
9/1/2018,0.20%,-0.50%,4.00%,-0.76%,-0.10%,0.70%,-0.96%,0.40%,-3.31%,-2.90%
10/1/2018,2.45%,-1.94%,-2.25%,-1.00%,-2.06%,-5.11%,-3.45%,-0.11%,-2.86%,-2.97%
11/1/2018,4.46%,3.66%,-3.60%,3.76%,3.93%,-2.09%,-0.70%,0.27%,1.50%,1.77%
12/1/2018,-7.57%,6.28%,-21.17%,-4.29%,6.44%,-15.64%,3.28%,0.16%,5.53%,5.69%
1/1/2019,2.77%,1.08%,6.24%,2.70%,2.45%,5.26%,-0.07%,1.36%,-0.98%,0.38%
2/1/2019,-0.03%,1.12%,3.46%,0.08%,-0.16%,3.36%,0.11%,-1.28%,-0.10%,-1.38%
3/1/2019,-2.40%,-3.59%,-0.04%,-1.33%,-0.79%,2.59%,1.08%,2.80%,2.63%,5.42%
4/1/2019,3.83%,0.19%,5.82%,2.13%,1.28%,2.72%,-1.70%,1.09%,-3.10%,-2.01%
5/1/2019,-3.35%,-8.90%,-4.31%,-2.09%,-4.00%,-2.59%,1.25%,4.90%,1.72%,6.61%
6/1/2019,4.26%,-1.39%,7.17%,4.40%,-0.34%,7.07%,0.14%,1.04%,-0.10%,0.94%
7/1/2019,1.25%,-0.88%,2.12%,1.30%,-0.16%,1.66%,0.05%,0.72%,-0.46%,0.26%
8/1/2019,-8.66%,-1.86%,-10.30%,-3.23%,0.00%,-1.69%,5.43%,1.86%,8.61%,10.48%
9/1/2019,4.58%,-1.34%,5.99%,1.95%,-0.48%,2.41%,-2.63%,0.86%,-3.57%,-2.72%
10/1/2019,-2.61%,-0.83%,4.14%,-1.25%,1.11%,1.08%,1.36%,1.94%,-3.06%,-1.12%
11/1/2019,5.58%,0.79%,3.17%,1.59%,1.29%,2.26%,-3.99%,0.50%,-0.91%,-0.41%
12/1/2019,1.49%,1.21%,4.90%,0.18%,0.35%,2.51%,-1.31%,-0.86%,-2.39%,-3.25%
1/1/2020,-0.12%,-6.52%,-0.93%,0.80%,-3.06%,3.02%,0.93%,3.46%,3.95%,7.41%
2/1/2020,4.05%,-11.77%,-2.89%,3.20%,-8.46%,0.21%,-0.85%,3.31%,3.10%,6.42%
3/1/2020,-6.86%,8.50%,-27.99%,0.40%,11.91%,-25.23%,7.27%,3.42%,2.77%,6.18%
4/1/2020,1.88%,5.66%,5.08%,2.82%,4.00%,7.96%,0.95%,-1.67%,2.87%,1.21%
5/1/2020,-0.74%,3.74%,2.69%,-0.97%,3.15%,1.50%,-0.23%,-0.59%,-1.19%,-1.78%
6/1/2020,9.37%,-1.03%,2.46%,4.82%,-0.09%,1.85%,-4.55%,0.94%,-0.61%,0.34%
7/1/2020,2.01%,-2.00%,3.38%,2.50%,-0.10%,5.83%,0.49%,1.90%,2.44%,4.34%
8/1/2020,2.98%,5.30%,6.63%,2.44%,2.85%,3.89%,-0.55%,-2.44%,-2.74%,-5.18%
9/1/2020,-5.78%,2.00%,-6.58%,-4.72%,1.38%,-5.19%,1.06%,-0.62%,1.39%,0.77%
10/1/2020,4.11%,-4.12%,5.04%,1.74%,-4.84%,2.31%,-2.38%,-0.71%,-2.73%,-3.44%
11/1/2020,5.72%,2.80%,5.87%,6.98%,1.88%,8.45%,1.27%,-0.93%,2.58%,1.65%
12/1/2020,3.98%,1.13%,3.75%,1.92%,1.62%,2.02%,-2.06%,0.50%,-1.73%,-1.23%
1/1/2021,6.10%,-2.70%,5.38%,1.95%,-3.80%,2.77%,-4.15%,-1.09%,-2.61%,-3.70%
2/1/2021,7.19%,-2.40%,11.04%,4.66%,-1.74%,4.48%,-2.53%,0.66%,-6.56%,-5.90%
3/1/2021,3.72%,1.23%,8.60%,0.86%,1.74%,2.70%,-2.86%,0.52%,-5.90%,-5.39%
4/1/2021,1.02%,2.47%,0.23%,3.03%,1.21%,3.94%,2.01%,-1.25%,3.72%,2.46%
5/1/2021,0.58%,0.00%,0.39%,1.15%,0.00%,-0.49%,0.57%,0.00%,-0.88%,-0.88%
Total Result,138.47%,-51.23%,129.96%,80.64%,48.78%,145.88%,-57.83%,100.01%,15.92%,115.93%
