method,cagr,vol,sharpe,sortino,max_drawdown
equal_signal,0.1329,0.1259,1.055,1.3271,-0.1614
inverse_avg_pairwise_corr,0.1345,0.1243,1.0821,1.3664,-0.1619
hierarchy_equal,0.1446,0.1342,1.0775,1.3401,-0.1715
inverse_corr_hierarchy,0.1451,0.1338,1.0844,1.3481,-0.1712
ledoit_wolf_min_corr,0.1408,0.1202,1.1714,1.4821,-0.1613
risk_parity_corr,0.137,0.1221,1.1216,1.4195,-0.1617
hierarchy_theme_inv_corr,0.1448,0.134,1.0809,1.3407,-0.1726
hierarchy_theme_ledoit,0.1453,0.1338,1.0858,1.3397,-0.1746
ledoit_wolf_hierarchy_within,0.148,0.1328,1.1149,1.3672,-0.1728
