param_combo_label,feature_name,n_observations,n_nonzero_signal,sharpe,t_stat,sortino
combo_f37206894e7941df3997ad288c717258,zscore_rsi_signal_signal_D_exitBars_10_exitPolicy_threshold_or_bars_overbought_2.25_oversold_-1.75_rsiPeriod_5_strategyMode_long_zscorePeriod_10,11622,3985,0.897106213918643,6.092338564761644,0.9566715665403738
combo_8920a7443e13420b8124b7dbc4f0014a,zscore_rsi_signal_signal_D_exitBars_10_exitPolicy_threshold_or_bars_overbought_2.25_oversold_-1.75_rsiPeriod_5_strategyMode_long_zscorePeriod_20,11622,3068,0.8387909100586094,5.696313468613447,0.7717993665778179
combo_e0258dc8e1955a7eb6c0c0464f324dbe,zscore_rsi_signal_signal_D_exitBars_10_exitPolicy_threshold_or_bars_overbought_2.25_oversold_-1.75_rsiPeriod_5_strategyMode_long_zscorePeriod_30,11622,2600,0.8378792723267622,5.690122445048283,0.7363348682574626
combo_a464b2110cdb881ac27521ca58496fe8,zscore_rsi_signal_signal_D_exitBars_10_exitPolicy_threshold_or_bars_overbought_2.25_oversold_-1.75_rsiPeriod_5_strategyMode_long_zscorePeriod_50,11622,2378,0.9503915321956443,6.454204522702734,0.8235849915055046
combo_ca9aaf58248600b8e1c40e059def06c5,zscore_rsi_signal_signal_D_exitBars_10_exitPolicy_threshold_or_bars_overbought_2.25_oversold_-1.75_rsiPeriod_5_strategyMode_long_zscorePeriod_60,11622,2312,0.9713073866205206,6.596246194636992,0.8269053439337294
combo_356d9889afc2b703944f448da0349e6d,zscore_rsi_signal_signal_D_exitBars_10_exitPolicy_threshold_or_bars_overbought_2.25_oversold_-1.75_rsiPeriod_5_strategyMode_long_zscorePeriod_70,11622,2232,0.9354709816188264,6.352877562442855,0.7831374833326533
combo_7c8be145fffbae098ae0c2ae6b07790b,zscore_rsi_signal_signal_D_exitBars_10_exitPolicy_threshold_or_bars_overbought_2.25_oversold_-1.75_rsiPeriod_6_strategyMode_long_zscorePeriod_10,11622,4110,0.8466718661271688,5.749833834249919,0.9175530046179651
combo_2e4513ef705be3b44a21ed079eee659a,zscore_rsi_signal_signal_D_exitBars_10_exitPolicy_threshold_or_bars_overbought_2.25_oversold_-1.75_rsiPeriod_6_strategyMode_long_zscorePeriod_20,11622,3120,0.8096169163037072,5.498189941562251,0.7541114504343702
combo_4182a425d128573befa3d71ce8e1d8da,zscore_rsi_signal_signal_D_exitBars_10_exitPolicy_threshold_or_bars_overbought_2.25_oversold_-1.75_rsiPeriod_6_strategyMode_long_zscorePeriod_30,11622,2624,0.8126587342892814,5.518847233567342,0.7136156126813284
combo_51e9e520dd67b846d4dd9f2f59ebea3d,zscore_rsi_signal_signal_D_exitBars_10_exitPolicy_threshold_or_bars_overbought_2.25_oversold_-1.75_rsiPeriod_6_strategyMode_long_zscorePeriod_50,11622,2362,0.9874799359184212,6.706075604186754,0.856629787617349
combo_55d9773aaf21a383a21a00a1eee1a49e,zscore_rsi_signal_signal_D_exitBars_10_exitPolicy_threshold_or_bars_overbought_2.25_oversold_-1.75_rsiPeriod_6_strategyMode_long_zscorePeriod_60,11622,2341,1.0079596402002429,6.845155336614481,0.8748770524864232
combo_76660b50c6714fad01e0fb8153d9ac17,zscore_rsi_signal_signal_D_exitBars_10_exitPolicy_threshold_or_bars_overbought_2.25_oversold_-1.75_rsiPeriod_6_strategyMode_long_zscorePeriod_70,11622,2178,0.7811324897211898,5.304749334562364,0.6518437780968376
combo_c8474ff577cc64ca87e72ec7a8114ce5,zscore_rsi_signal_signal_D_exitBars_10_exitPolicy_threshold_or_bars_overbought_2.25_oversold_-1.75_rsiPeriod_7_strategyMode_long_zscorePeriod_10,11622,4162,0.8170954083809953,5.548977133738426,0.886912143881591
combo_0e1ea575bcec52ca46763eddcaf7adb8,zscore_rsi_signal_signal_D_exitBars_10_exitPolicy_threshold_or_bars_overbought_2.25_oversold_-1.75_rsiPeriod_7_strategyMode_long_zscorePeriod_20,11622,3146,0.8658165901279666,5.879847581264668,0.8176558947319584
combo_0d0f13fddd5c867f4b8e2814c09c47fb,zscore_rsi_signal_signal_D_exitBars_10_exitPolicy_threshold_or_bars_overbought_2.25_oversold_-1.75_rsiPeriod_7_strategyMode_long_zscorePeriod_30,11622,2607,0.7566720737432168,5.138636188470356,0.6695427728688313
combo_3446fed5f94c45671fc33730752abac4,zscore_rsi_signal_signal_D_exitBars_10_exitPolicy_threshold_or_bars_overbought_2.25_oversold_-1.75_rsiPeriod_7_strategyMode_long_zscorePeriod_50,11622,2409,0.9676130947428175,6.5711578867791,0.8619275758895475
combo_40619daa8dd8a2ee5d46ef13235da315,zscore_rsi_signal_signal_D_exitBars_10_exitPolicy_threshold_or_bars_overbought_2.25_oversold_-1.75_rsiPeriod_7_strategyMode_long_zscorePeriod_60,11622,2279,0.9355592946112726,6.353477304860534,0.8047366567148313
combo_a1acf9b0fe191b08e572a609407dd95f,zscore_rsi_signal_signal_D_exitBars_10_exitPolicy_threshold_or_bars_overbought_2.25_oversold_-1.75_rsiPeriod_7_strategyMode_long_zscorePeriod_70,11622,2133,0.8004079462942282,5.435650899629397,0.6664017595742543
combo_b77dde11a40092f6e9061a9d69ef3834,zscore_rsi_signal_signal_D_exitBars_10_exitPolicy_threshold_or_bars_overbought_2.25_oversold_-1.75_rsiPeriod_8_strategyMode_long_zscorePeriod_10,11622,4259,0.8213689954553131,5.5779994935646995,0.9024490958754142
combo_86769f85cb70d4f1b37abd5f350d4c26,zscore_rsi_signal_signal_D_exitBars_10_exitPolicy_threshold_or_bars_overbought_2.25_oversold_-1.75_rsiPeriod_8_strategyMode_long_zscorePeriod_20,11622,3214,0.885754416283243,6.015247364811725,0.85755940344961
combo_eb551db30d30ad7bb196bf80a79336de,zscore_rsi_signal_signal_D_exitBars_10_exitPolicy_threshold_or_bars_overbought_2.25_oversold_-1.75_rsiPeriod_8_strategyMode_long_zscorePeriod_30,11622,2571,0.798048334061797,5.419626535536843,0.705836165464206
combo_49b41c5fc8304e3281d9603cb43f8770,zscore_rsi_signal_signal_D_exitBars_10_exitPolicy_threshold_or_bars_overbought_2.25_oversold_-1.75_rsiPeriod_8_strategyMode_long_zscorePeriod_50,11622,2364,0.9617214595437286,6.531147199330923,0.8492948689963393
combo_77e4840386b39c5358a480a6887defbd,zscore_rsi_signal_signal_D_exitBars_10_exitPolicy_threshold_or_bars_overbought_2.25_oversold_-1.75_rsiPeriod_8_strategyMode_long_zscorePeriod_60,11622,2180,0.793843129095165,5.391068565484412,0.6733095935407571
combo_47e353f5ef7176bbed725fa3a243adad,zscore_rsi_signal_signal_D_exitBars_10_exitPolicy_threshold_or_bars_overbought_2.25_oversold_-1.75_rsiPeriod_8_strategyMode_long_zscorePeriod_70,11622,2097,0.7056300707197656,4.792004810136537,0.5862217993737159
