fold_id,param_label,raw_objective,oos_objective,smoothed_objective,rank,selected_feature,trade_frequency,selected_in_top_k,selected_long_bin
0,exit_bars=5|exit_policy=threshold_or_bars|overbought=90|oversold=25|rsi_period=2|strategy_mode=long,2.149740211053674,-0.708358787168111,2.069573132118653,1,True,0.37177461822011587,True,
0,exit_bars=5|exit_policy=threshold_or_bars|overbought=95|oversold=25|rsi_period=2|strategy_mode=long,2.1717594381651844,-0.42488475342014614,2.0421501070842103,2,False,0.3809899947340706,False,
0,exit_bars=5|exit_policy=threshold_or_bars|overbought=85|oversold=25|rsi_period=2|strategy_mode=long,2.139902099443209,-0.5831574097068595,2.0307951165773264,3,False,0.3578199052132701,False,
0,exit_bars=5|exit_policy=threshold_or_bars|overbought=90|oversold=20|rsi_period=2|strategy_mode=long,2.0342462172221634,-0.291841139544056,1.9966571105479969,4,False,0.32148499210110587,False,
0,exit_bars=5|exit_policy=threshold_or_bars|overbought=85|oversold=20|rsi_period=2|strategy_mode=long,2.102261377233397,-0.6491999435953425,1.995262476415402,5,False,0.3127962085308057,False,
0,exit_bars=5|exit_policy=threshold_or_bars|overbought=95|oversold=20|rsi_period=2|strategy_mode=long,1.9453972953527816,-0.045108148637636604,1.9889932407762747,6,False,0.3267509215376514,False,
0,exit_bars=5|exit_policy=threshold_or_bars|overbought=95|oversold=30|rsi_period=2|strategy_mode=long,1.9017034837652025,-0.028977620216347474,1.97522687221314,7,False,0.39915745129015273,False,
0,exit_bars=5|exit_policy=threshold_or_bars|overbought=80|oversold=20|rsi_period=2|strategy_mode=long,1.9747790280925226,-0.7162562291774386,1.9592409746383748,8,False,0.2985781990521327,False,
0,exit_bars=5|exit_policy=threshold_or_bars|overbought=90|oversold=30|rsi_period=2|strategy_mode=long,1.852217694709034,-0.37356122984541434,1.9264268340034048,9,False,0.39046866771985256,False,
0,exit_bars=5|exit_policy=threshold_or_bars|overbought=80|oversold=25|rsi_period=2|strategy_mode=long,1.9600259486706433,-0.5421815158439245,1.883826140959815,10,False,0.342548709847288,False,
0,exit_bars=5|exit_policy=threshold_or_bars|overbought=75|oversold=20|rsi_period=2|strategy_mode=long,1.8597037126215077,-0.7609060081757294,1.8549599554378484,11,False,0.2859399684044234,False,
0,exit_bars=5|exit_policy=threshold_or_bars|overbought=85|oversold=30|rsi_period=2|strategy_mode=long,1.8020459464857086,-0.3878529882561615,1.8537984804249263,12,False,0.37730384412848866,False,
0,exit_bars=5|exit_policy=threshold_or_bars|overbought=80|oversold=15|rsi_period=2|strategy_mode=long,1.8994348065738034,-0.2869890887325261,1.8502392140244637,13,False,0.25829383886255924,False,
0,exit_bars=5|exit_policy=threshold_or_bars|overbought=85|oversold=15|rsi_period=2|strategy_mode=long,1.725123660085719,-0.10127030212624044,1.8432294670362939,14,False,0.2680358083201685,False,
0,exit_bars=5|exit_policy=threshold_or_bars|overbought=90|oversold=15|rsi_period=2|strategy_mode=long,1.751640451877967,-0.10127030212624044,1.8113472660616992,15,False,0.27567140600315954,False,
0,exit_bars=5|exit_policy=threshold_or_bars|overbought=95|oversold=15|rsi_period=2|strategy_mode=long,1.8045700123649688,-0.022869018907746803,1.8109884085035834,16,False,0.2785676671932596,False,
0,exit_bars=5|exit_policy=threshold_or_bars|overbought=70|oversold=20|rsi_period=2|strategy_mode=long,1.8817021862485235,-0.7695992248647867,1.8046305993669016,17,False,0.2706687730384413,False,
0,exit_bars=5|exit_policy=threshold_or_bars|overbought=75|oversold=15|rsi_period=2|strategy_mode=long,1.8352194026957418,-0.2869890887325261,1.7943700137537433,18,False,0.24723538704581358,False,
0,exit_bars=5|exit_policy=threshold_or_bars|overbought=70|oversold=15|rsi_period=2|strategy_mode=long,1.7968909435713027,-0.2337457750465922,1.7591937118537004,19,False,0.23170089520800422,False,
0,exit_bars=5|exit_policy=threshold_or_bars|overbought=65|oversold=20|rsi_period=2|strategy_mode=long,1.8581103755725819,-0.5923057303526822,1.7546240750764714,20,False,0.2585571353343865,False,
0,exit_bars=5|exit_policy=threshold_or_bars|overbought=75|oversold=25|rsi_period=2|strategy_mode=long,1.723395447530947,-0.45973376601035315,1.7124642808137456,21,False,0.3320168509741969,False,
0,exit_bars=5|exit_policy=threshold_or_bars|overbought=80|oversold=30|rsi_period=2|strategy_mode=long,1.6210281810617533,-0.32885105438933926,1.6938876481607859,22,False,0.3604528699315429,False,
0,exit_bars=5|exit_policy=threshold_or_bars|overbought=65|oversold=15|rsi_period=2|strategy_mode=long,1.7024927482807728,-0.2337457750465922,1.6501918403304114,23,False,0.2222222222222222,False,
0,exit_bars=5|exit_policy=threshold_or_bars|overbought=95|oversold=10|rsi_period=2|strategy_mode=long,1.742345874418617,-0.10950775498355046,1.6345690497718766,24,False,0.20458135860979462,False,
0,exit_bars=5|exit_policy=threshold_or_bars|overbought=80|oversold=10|rsi_period=2|strategy_mode=long,1.8166391726745321,-0.2192404558323557,1.632876693731878,25,False,0.1908899420747762,False,
0,exit_bars=5|exit_policy=threshold_or_bars|overbought=85|oversold=10|rsi_period=2|strategy_mode=long,1.7376870394105834,-0.10950775498355046,1.6267923541951075,26,False,0.19878883622959453,False,
0,exit_bars=5|exit_policy=threshold_or_bars|overbought=70|oversold=25|rsi_period=2|strategy_mode=long,1.626745778820592,-0.5232741953849753,1.6246425814467416,27,False,0.31253291205897843,False,
0,exit_bars=5|exit_policy=threshold_or_bars|overbought=90|oversold=10|rsi_period=2|strategy_mode=long,1.7411559887576773,-0.10950775498355046,1.6223783327954835,28,False,0.20352817272248552,False,
0,exit_bars=5|exit_policy=threshold_or_bars|overbought=65|oversold=25|rsi_period=2|strategy_mode=long,1.5761909902040077,-0.255529086288656,1.6085438835325974,29,False,0.30042127435492366,False,
0,exit_bars=5|exit_policy=threshold_or_bars|overbought=75|oversold=10|rsi_period=2|strategy_mode=long,1.5806012033063603,-0.2192404558323557,1.5984591329719917,30,False,0.18299104791995788,False,
0,exit_bars=5|exit_policy=threshold_or_bars|overbought=75|oversold=30|rsi_period=2|strategy_mode=long,1.3924505164250378,-0.0942061672553165,1.5130131623618435,31,False,0.35018430753027907,False,
0,exit_bars=5|exit_policy=threshold_or_bars|overbought=70|oversold=10|rsi_period=2|strategy_mode=long,1.5796632784721623,-0.16346629086662268,1.472368320555066,32,False,0.1721958925750395,False,
0,exit_bars=5|exit_policy=threshold_or_bars|overbought=65|oversold=10|rsi_period=2|strategy_mode=long,1.2432732938969884,-0.16346629086662268,1.4319330426756662,33,False,0.16456029489204846,False,
0,exit_bars=5|exit_policy=threshold_or_bars|overbought=70|oversold=30|rsi_period=2|strategy_mode=long,1.3151785044296365,-0.13558561708065678,1.4268757973021187,34,False,0.33228014744602424,False,
0,exit_bars=5|exit_policy=threshold_or_bars|overbought=65|oversold=30|rsi_period=2|strategy_mode=long,1.3731283895332083,0.28126508766758845,1.421499294722284,35,False,0.3220115850447604,False,
0,exit_bars=5|exit_policy=threshold_or_bars|overbought=95|oversold=5|rsi_period=2|strategy_mode=long,1.2502043235462428,0.0739937676984274,1.3772041691591443,36,False,0.1111111111111111,False,
0,exit_bars=5|exit_policy=threshold_or_bars|overbought=90|oversold=5|rsi_period=2|strategy_mode=long,1.1390623095125734,0.0739937676984274,1.3109446329658796,37,False,0.10926803580832017,False,
0,exit_bars=5|exit_policy=threshold_or_bars|overbought=80|oversold=5|rsi_period=2|strategy_mode=long,1.1300212466941102,0.0739937676984274,1.310047234281707,38,False,0.10321221695629279,False,
0,exit_bars=5|exit_policy=threshold_or_bars|overbought=70|oversold=5|rsi_period=2|strategy_mode=long,1.1614128835285153,0.0739937676984274,1.2808879049411455,39,False,0.09531332280147446,False,
0,exit_bars=5|exit_policy=threshold_or_bars|overbought=85|oversold=5|rsi_period=2|strategy_mode=long,1.1133559100470247,0.0739937676984274,1.280031626416073,40,False,0.10637177461822012,False,
0,exit_bars=5|exit_policy=threshold_or_bars|overbought=75|oversold=5|rsi_period=2|strategy_mode=long,1.1801726077111618,0.0739937676984274,1.263051985310037,41,False,0.10031595576619273,False,
0,exit_bars=5|exit_policy=threshold_or_bars|overbought=65|oversold=5|rsi_period=2|strategy_mode=long,1.202302850052742,-0.26188078977370854,1.2023296758260817,42,False,0.09215376513954714,False,
1,exit_bars=5|exit_policy=threshold_or_bars|overbought=90|oversold=25|rsi_period=2|strategy_mode=long,2.3287854653814315,2.0405250472708794,2.2405099508951105,1,True,0.3652173913043478,True,
1,exit_bars=5|exit_policy=threshold_or_bars|overbought=95|oversold=25|rsi_period=2|strategy_mode=long,2.391183017907339,1.9930506419092795,2.228935274997057,2,False,0.37496706192358364,False,
1,exit_bars=5|exit_policy=threshold_or_bars|overbought=85|oversold=25|rsi_period=2|strategy_mode=long,2.3347885607640837,2.4761821871670233,2.2007166584090285,3,False,0.35098814229249015,False,
1,exit_bars=5|exit_policy=threshold_or_bars|overbought=95|oversold=20|rsi_period=2|strategy_mode=long,2.0884887725110044,1.7272709966311175,2.1706315797811624,4,False,0.32042160737812914,False,
1,exit_bars=5|exit_policy=threshold_or_bars|overbought=95|oversold=30|rsi_period=2|strategy_mode=long,2.1072838441884523,2.8939511197888357,2.1684328918075457,5,False,0.397364953886693,False,
1,exit_bars=5|exit_policy=threshold_or_bars|overbought=90|oversold=20|rsi_period=2|strategy_mode=long,2.140960897095853,1.7272709966311175,2.14784295883376,6,False,0.3151515151515151,False,
1,exit_bars=5|exit_policy=threshold_or_bars|overbought=85|oversold=20|rsi_period=2|strategy_mode=long,2.1787595558555357,1.791443209299383,2.146189501890412,7,False,0.3069828722002635,False,
1,exit_bars=5|exit_policy=threshold_or_bars|overbought=80|oversold=20|rsi_period=2|strategy_mode=long,2.0756490656138182,2.1348072600404375,2.110438421558381,8,False,0.2927536231884058,False,
1,exit_bars=5|exit_policy=threshold_or_bars|overbought=90|oversold=30|rsi_period=2|strategy_mode=long,2.0068318133268455,2.843002211081329,2.1038585136676033,9,False,0.3884057971014493,False,
1,exit_bars=5|exit_policy=threshold_or_bars|overbought=80|oversold=25|rsi_period=2|strategy_mode=long,2.18871677827041,2.3843076263144063,2.076999782650122,10,False,0.33570487483530964,False,
1,exit_bars=5|exit_policy=threshold_or_bars|overbought=80|oversold=15|rsi_period=2|strategy_mode=long,2.1634616660728847,2.6121164965362333,2.0450375683865145,11,False,0.25191040843214757,False,
1,exit_bars=5|exit_policy=threshold_or_bars|overbought=85|oversold=30|rsi_period=2|strategy_mode=long,1.9725329317736837,2.955013982560274,2.0354276726390372,12,False,0.3752305665349144,False,
1,exit_bars=5|exit_policy=threshold_or_bars|overbought=85|oversold=15|rsi_period=2|strategy_mode=long,2.0007894301227678,2.6652498347330718,2.023881329996361,13,False,0.2621870882740448,False,
1,exit_bars=5|exit_policy=threshold_or_bars|overbought=75|oversold=20|rsi_period=2|strategy_mode=long,1.9456050419792583,2.1898722027932616,2.0090804763292214,14,False,0.28063241106719367,False,
1,exit_bars=5|exit_policy=threshold_or_bars|overbought=90|oversold=15|rsi_period=2|strategy_mode=long,2.0022201033249765,2.593004192307679,1.9952030092280597,15,False,0.26903820816864293,False,
1,exit_bars=5|exit_policy=threshold_or_bars|overbought=95|oversold=15|rsi_period=2|strategy_mode=long,2.061893631610453,2.593004192307679,1.980988803972285,16,False,0.27246376811594203,False,
1,exit_bars=5|exit_policy=threshold_or_bars|overbought=75|oversold=15|rsi_period=2|strategy_mode=long,2.090763681320689,2.671620272221949,1.975941382718154,17,False,0.24163372859025034,False,
1,exit_bars=5|exit_policy=threshold_or_bars|overbought=70|oversold=20|rsi_period=2|strategy_mode=long,1.9750974688215792,2.1247043312511367,1.9639605491120793,18,False,0.26666666666666666,False,
1,exit_bars=5|exit_policy=threshold_or_bars|overbought=65|oversold=20|rsi_period=2|strategy_mode=long,2.0257696516625163,1.9626172049030355,1.954028907720228,19,False,0.25428194993412384,False,
1,exit_bars=5|exit_policy=threshold_or_bars|overbought=70|oversold=15|rsi_period=2|strategy_mode=long,2.0236730532901315,2.5323690566555017,1.9150278520251924,20,False,0.22635046113306984,False,
1,exit_bars=5|exit_policy=threshold_or_bars|overbought=75|oversold=25|rsi_period=2|strategy_mode=long,1.9582871239107607,2.369648116061713,1.9129659438245863,21,False,0.324901185770751,False,
1,exit_bars=5|exit_policy=threshold_or_bars|overbought=80|oversold=30|rsi_period=2|strategy_mode=long,1.8275573846915363,2.905787507355738,1.9028425849728055,22,False,0.35862977602108037,False,
1,exit_bars=5|exit_policy=threshold_or_bars|overbought=65|oversold=25|rsi_period=2|strategy_mode=long,1.905756869481048,2.1166234223806284,1.8728856501880469,23,False,0.2932806324110672,False,
1,exit_bars=5|exit_policy=threshold_or_bars|overbought=70|oversold=25|rsi_period=2|strategy_mode=long,1.8496575298069111,2.250452389745011,1.842686292232088,24,False,0.30513833992094863,False,
1,exit_bars=5|exit_policy=threshold_or_bars|overbought=65|oversold=15|rsi_period=2|strategy_mode=long,1.9094916409157685,2.370195426520083,1.7949132290108774,25,False,0.2176548089591568,False,
1,exit_bars=5|exit_policy=threshold_or_bars|overbought=75|oversold=30|rsi_period=2|strategy_mode=long,1.6225632451555916,2.8943812157121074,1.7332600557245073,26,False,0.34782608695652173,False,
1,exit_bars=5|exit_policy=threshold_or_bars|overbought=65|oversold=30|rsi_period=2|strategy_mode=long,1.7103585498017118,3.026357451043798,1.7135826294743,27,False,0.3185770750988142,False,
1,exit_bars=5|exit_policy=threshold_or_bars|overbought=70|oversold=30|rsi_period=2|strategy_mode=long,1.5246324691401398,2.858916377804318,1.6768029484760885,28,False,0.3277997364953887,False,
1,exit_bars=5|exit_policy=threshold_or_bars|overbought=80|oversold=10|rsi_period=2|strategy_mode=long,1.8945239988024136,2.1692888275876996,1.668753431898346,29,False,0.18708827404479578,False,
1,exit_bars=5|exit_policy=threshold_or_bars|overbought=85|oversold=10|rsi_period=2|strategy_mode=long,1.7741758946056427,2.3843190048053944,1.650887112032691,30,False,0.19499341238471674,False,
1,exit_bars=5|exit_policy=threshold_or_bars|overbought=95|oversold=10|rsi_period=2|strategy_mode=long,1.7713527084427065,2.3843190048053944,1.6394326404311865,31,False,0.2005270092226614,False,
1,exit_bars=5|exit_policy=threshold_or_bars|overbought=90|oversold=10|rsi_period=2|strategy_mode=long,1.7701509839862486,2.3843190048053944,1.631936081507164,32,False,0.1994729907773386,False,
1,exit_bars=5|exit_policy=threshold_or_bars|overbought=75|oversold=10|rsi_period=2|strategy_mode=long,1.656203470927806,2.1234887523262382,1.624267996779949,33,False,0.17918313570487485,False,
1,exit_bars=5|exit_policy=threshold_or_bars|overbought=70|oversold=10|rsi_period=2|strategy_mode=long,1.5761134157777934,1.9700231301149849,1.4696015375493736,34,False,0.1683794466403162,False,
1,exit_bars=5|exit_policy=threshold_or_bars|overbought=65|oversold=10|rsi_period=2|strategy_mode=long,1.2207185701750929,1.7976482066435997,1.4059314458881627,35,False,0.16126482213438736,False,
1,exit_bars=5|exit_policy=threshold_or_bars|overbought=95|oversold=5|rsi_period=2|strategy_mode=long,0.9543332376853378,1.7863357418258805,1.1891555544347634,36,False,0.10909090909090909,False,
1,exit_bars=5|exit_policy=threshold_or_bars|overbought=80|oversold=5|rsi_period=2|strategy_mode=long,0.8554021290829825,1.4476216847112997,1.1171141994007052,37,False,0.10144927536231885,False,
1,exit_bars=5|exit_policy=threshold_or_bars|overbought=90|oversold=5|rsi_period=2|strategy_mode=long,0.8417807171762459,1.7863357418258805,1.0952650478735537,38,False,0.1072463768115942,False,
1,exit_bars=5|exit_policy=threshold_or_bars|overbought=75|oversold=5|rsi_period=2|strategy_mode=long,0.9037354170710418,1.289528309638726,1.0716600486644685,39,False,0.09855072463768116,False,
1,exit_bars=5|exit_policy=threshold_or_bars|overbought=85|oversold=5|rsi_period=2|strategy_mode=long,0.8147952526463826,1.6892187085410397,1.0715384983778133,40,False,0.10434782608695652,False,
1,exit_bars=5|exit_policy=threshold_or_bars|overbought=70|oversold=5|rsi_period=2|strategy_mode=long,0.8712991775760437,1.009042399435551,1.0671375417772186,41,False,0.09407114624505929,False,
1,exit_bars=5|exit_policy=threshold_or_bars|overbought=65|oversold=5|rsi_period=2|strategy_mode=long,0.9174021566839955,1.3445530039064073,1.0031399681450441,42,False,0.0911725955204216,False,
2,exit_bars=5|exit_policy=threshold_or_bars|overbought=95|oversold=30|rsi_period=2|strategy_mode=long,2.3604271023474728,0.29117775555893827,2.349286590869565,1,True,0.38522427440633245,True,
2,exit_bars=5|exit_policy=threshold_or_bars|overbought=85|oversold=30|rsi_period=2|strategy_mode=long,2.3418417935332974,0.21065340234834104,2.3359188306790215,2,False,0.36306068601583114,False,
2,exit_bars=5|exit_policy=threshold_or_bars|overbought=85|oversold=25|rsi_period=2|strategy_mode=long,2.5688610112472987,-0.46369683923236216,2.3337540732653075,3,False,0.33825857519788916,False,
2,exit_bars=5|exit_policy=threshold_or_bars|overbought=80|oversold=30|rsi_period=2|strategy_mode=long,2.2344465633146307,0.27445462744595467,2.3242932549855317,4,False,0.34775725593667545,False,
2,exit_bars=5|exit_policy=threshold_or_bars|overbought=90|oversold=30|rsi_period=2|strategy_mode=long,2.1985259546208598,0.23726249950850023,2.318541419202312,5,False,0.3762532981530343,False,
2,exit_bars=5|exit_policy=threshold_or_bars|overbought=80|oversold=25|rsi_period=2|strategy_mode=long,2.44909786840149,-0.3047630040818621,2.2947877361833147,6,False,0.3232189973614776,False,
2,exit_bars=5|exit_policy=threshold_or_bars|overbought=90|oversold=25|rsi_period=2|strategy_mode=long,2.373370826307619,-0.4552669380531436,2.281681283861041,7,False,0.35197889182058045,False,
2,exit_bars=5|exit_policy=threshold_or_bars|overbought=95|oversold=25|rsi_period=2|strategy_mode=long,2.488906715640362,-0.5107852603152868,2.277051348051806,8,False,0.3617414248021108,False,
2,exit_bars=5|exit_policy=threshold_or_bars|overbought=75|oversold=30|rsi_period=2|strategy_mode=long,2.271786794692708,-0.05885215513468784,2.2681929430679832,9,False,0.33773087071240104,False,
2,exit_bars=5|exit_policy=threshold_or_bars|overbought=75|oversold=25|rsi_period=2|strategy_mode=long,2.383454778389116,-0.5568531477458897,2.2338285799802713,10,False,0.3121372031662269,False,
2,exit_bars=5|exit_policy=threshold_or_bars|overbought=70|oversold=30|rsi_period=2|strategy_mode=long,2.183083635875478,-0.04279701432083434,2.229782077916831,11,False,0.31609498680738785,False,
2,exit_bars=5|exit_policy=threshold_or_bars|overbought=65|oversold=30|rsi_period=2|strategy_mode=long,2.245023241363282,-0.06665316081140417,2.1910109512496985,12,False,0.3073878627968338,False,
2,exit_bars=5|exit_policy=threshold_or_bars|overbought=70|oversold=25|rsi_period=2|strategy_mode=long,2.219234639735856,-0.5301978215221838,2.1556055645357084,13,False,0.29234828496042214,False,
2,exit_bars=5|exit_policy=threshold_or_bars|overbought=65|oversold=25|rsi_period=2|strategy_mode=long,2.1449259765103355,-0.5032160167339191,2.11440756589941,14,False,0.2820580474934037,False,
2,exit_bars=5|exit_policy=threshold_or_bars|overbought=95|oversold=20|rsi_period=2|strategy_mode=long,1.8855007479117705,-1.0164364504221406,2.0671822388303287,15,False,0.30606860158311344,False,
2,exit_bars=5|exit_policy=threshold_or_bars|overbought=80|oversold=20|rsi_period=2|strategy_mode=long,1.8380784595640371,-0.8610739688303638,2.0476615774054894,16,False,0.2804749340369393,False,
2,exit_bars=5|exit_policy=threshold_or_bars|overbought=85|oversold=20|rsi_period=2|strategy_mode=long,1.9355988668368325,-1.0147038265679296,2.0360561163167183,17,False,0.29393139841688654,False,
2,exit_bars=5|exit_policy=threshold_or_bars|overbought=85|oversold=15|rsi_period=2|strategy_mode=long,2.0590003324463595,-1.5267299385457802,2.006535908695075,18,False,0.2511873350923483,False,
2,exit_bars=5|exit_policy=threshold_or_bars|overbought=90|oversold=20|rsi_period=2|strategy_mode=long,1.7787419114890644,-1.0164364504221406,2.0035787026311143,19,False,0.30184696569920844,False,
2,exit_bars=5|exit_policy=threshold_or_bars|overbought=80|oversold=15|rsi_period=2|strategy_mode=long,2.169963873542901,-1.5573290860044193,1.9906798461100117,20,False,0.24089709762532982,False,
2,exit_bars=5|exit_policy=threshold_or_bars|overbought=75|oversold=20|rsi_period=2|strategy_mode=long,1.8455688186821846,-0.9474989242194882,1.9880898888250542,21,False,0.26860158311345644,False,
2,exit_bars=5|exit_policy=threshold_or_bars|overbought=95|oversold=15|rsi_period=2|strategy_mode=long,2.1155795802801163,-1.5281825504574649,1.9834977663299813,22,False,0.26094986807387865,False,
2,exit_bars=5|exit_policy=threshold_or_bars|overbought=90|oversold=15|rsi_period=2|strategy_mode=long,2.0446811606102844,-1.5281825504574649,1.9786556847687056,23,False,0.25804749340369393,False,
2,exit_bars=5|exit_policy=threshold_or_bars|overbought=70|oversold=20|rsi_period=2|strategy_mode=long,1.847328792167756,-0.9147262756510911,1.9459918587040252,24,False,0.2538258575197889,False,
2,exit_bars=5|exit_policy=threshold_or_bars|overbought=65|oversold=20|rsi_period=2|strategy_mode=long,1.8484464059881656,-0.9088178301954232,1.9264555360395832,25,False,0.24300791556728232,False,
2,exit_bars=5|exit_policy=threshold_or_bars|overbought=75|oversold=15|rsi_period=2|strategy_mode=long,2.0260185953221783,-1.5573290860044193,1.9208228341911908,26,False,0.23139841688654353,False,
2,exit_bars=5|exit_policy=threshold_or_bars|overbought=70|oversold=15|rsi_period=2|strategy_mode=long,1.9693806369461653,-1.4559151528439778,1.8421008775044565,27,False,0.21530343007915567,False,
2,exit_bars=5|exit_policy=threshold_or_bars|overbought=95|oversold=10|rsi_period=2|strategy_mode=long,1.8882295765177546,-1.17008098373612,1.776965220680998,28,False,0.19076517150395778,False,
2,exit_bars=5|exit_policy=threshold_or_bars|overbought=90|oversold=10|rsi_period=2|strategy_mode=long,1.8952754390177031,-1.17008098373612,1.7505736108433887,29,False,0.18997361477572558,False,
2,exit_bars=5|exit_policy=threshold_or_bars|overbought=85|oversold=10|rsi_period=2|strategy_mode=long,1.8234353100389964,-1.1732488683583198,1.7479058386118802,30,False,0.18680738786279683,False,
2,exit_bars=5|exit_policy=threshold_or_bars|overbought=80|oversold=10|rsi_period=2|strategy_mode=long,1.8603379696745816,-1.1540433843048736,1.7131955652751025,31,False,0.17862796833773087,False,
2,exit_bars=5|exit_policy=threshold_or_bars|overbought=65|oversold=15|rsi_period=2|strategy_mode=long,1.8651209694920758,-1.3157316038884408,1.7016718286775305,32,False,0.20712401055408972,False,
2,exit_bars=5|exit_policy=threshold_or_bars|overbought=75|oversold=10|rsi_period=2|strategy_mode=long,1.5931822464625243,-1.1540433843048736,1.6270481005668032,33,False,0.1704485488126649,False,
2,exit_bars=5|exit_policy=threshold_or_bars|overbought=70|oversold=10|rsi_period=2|strategy_mode=long,1.5026553935941074,-0.9373709703264279,1.45598774223842,34,False,0.15883905013192612,False,
2,exit_bars=5|exit_policy=threshold_or_bars|overbought=65|oversold=10|rsi_period=2|strategy_mode=long,1.1237393022837145,-0.9395969636056615,1.4157925998220886,35,False,0.15197889182058047,False,
2,exit_bars=5|exit_policy=threshold_or_bars|overbought=95|oversold=5|rsi_period=2|strategy_mode=long,1.2087762869084184,-0.43472432941272976,1.3994174771527923,36,False,0.10158311345646438,False,
2,exit_bars=5|exit_policy=threshold_or_bars|overbought=90|oversold=5|rsi_period=2|strategy_mode=long,1.101246568032204,-0.43472432941272976,1.3266946089600213,37,False,0.1,False,
2,exit_bars=5|exit_policy=threshold_or_bars|overbought=80|oversold=5|rsi_period=2|strategy_mode=long,1.119058426656508,-0.47396627948338105,1.3084807089983683,38,False,0.09445910290237466,False,
2,exit_bars=5|exit_policy=threshold_or_bars|overbought=85|oversold=5|rsi_period=2|strategy_mode=long,1.1014801418817597,-0.4393815022253411,1.286305111652367,39,False,0.09762532981530343,False,
2,exit_bars=5|exit_policy=threshold_or_bars|overbought=75|oversold=5|rsi_period=2|strategy_mode=long,1.153046297780624,-0.47396627948338105,1.2390670257013112,40,False,0.09155672823218998,False,
2,exit_bars=5|exit_policy=threshold_or_bars|overbought=70|oversold=5|rsi_period=2|strategy_mode=long,1.0909811319055878,-0.34718516090393536,1.229584389299694,41,False,0.08627968337730871,False,
2,exit_bars=5|exit_policy=threshold_or_bars|overbought=65|oversold=5|rsi_period=2|strategy_mode=long,1.1716547339184569,-0.27945668977207916,1.1287917227025865,42,False,0.08311345646437995,False,
3,exit_bars=5|exit_policy=threshold_or_bars|overbought=95|oversold=30|rsi_period=2|strategy_mode=long,2.2602488668285114,0.16657277493225406,2.1588307958522,1,True,0.38469656992084433,True,
3,exit_bars=5|exit_policy=threshold_or_bars|overbought=90|oversold=30|rsi_period=2|strategy_mode=long,2.105095045207685,0.08528643909113928,2.137085526044328,2,False,0.37519788918205804,False,
3,exit_bars=5|exit_policy=threshold_or_bars|overbought=85|oversold=30|rsi_period=2|strategy_mode=long,2.169801446392855,-0.7435608003246109,2.1314208522479707,3,False,0.36226912928759897,False,
3,exit_bars=5|exit_policy=threshold_or_bars|overbought=80|oversold=30|rsi_period=2|strategy_mode=long,2.0766029244278457,-0.9099961318938631,2.094547619776968,4,False,0.3467018469656992,False,
3,exit_bars=5|exit_policy=threshold_or_bars|overbought=75|oversold=30|rsi_period=2|strategy_mode=long,2.032455251893856,-0.8398657883769204,2.0110658606475087,5,False,0.33614775725593665,False,
3,exit_bars=5|exit_policy=threshold_or_bars|overbought=70|oversold=30|rsi_period=2|strategy_mode=long,1.9904290709904582,-0.6298516079828087,1.9750019426897683,6,False,0.3150395778364116,False,
3,exit_bars=5|exit_policy=threshold_or_bars|overbought=85|oversold=25|rsi_period=2|strategy_mode=long,2.1741839929634974,-0.5997591590151063,1.9727256288778314,7,False,0.337467018469657,False,
3,exit_bars=5|exit_policy=threshold_or_bars|overbought=95|oversold=25|rsi_period=2|strategy_mode=long,2.111148475520404,0.07547107078657288,1.9535802669876539,8,False,0.3612137203166227,False,
3,exit_bars=5|exit_policy=threshold_or_bars|overbought=90|oversold=25|rsi_period=2|strategy_mode=long,2.013196745748261,-0.010757392046454288,1.9455388705222076,9,False,0.35092348284960423,False,
3,exit_bars=5|exit_policy=threshold_or_bars|overbought=65|oversold=30|rsi_period=2|strategy_mode=long,2.0786611648575057,-0.620884605673477,1.9417067412701046,10,False,0.3063324538258575,False,
3,exit_bars=5|exit_policy=threshold_or_bars|overbought=80|oversold=25|rsi_period=2|strategy_mode=long,2.0993308563933164,-0.7081009998157483,1.9277150256397633,11,False,0.3229551451187335,False,
3,exit_bars=5|exit_policy=threshold_or_bars|overbought=75|oversold=25|rsi_period=2|strategy_mode=long,1.9447761952778748,-0.6559475113852862,1.8149063314570733,12,False,0.3116094986807388,False,
3,exit_bars=5|exit_policy=threshold_or_bars|overbought=70|oversold=25|rsi_period=2|strategy_mode=long,1.7984622830172534,-0.35850492870603357,1.74169105627211,13,False,0.29234828496042214,False,
3,exit_bars=5|exit_policy=threshold_or_bars|overbought=65|oversold=25|rsi_period=2|strategy_mode=long,1.7560299879623489,-0.540868976552243,1.7062592685832094,14,False,0.2825857519788918,False,
3,exit_bars=5|exit_policy=threshold_or_bars|overbought=95|oversold=20|rsi_period=2|strategy_mode=long,1.4297269798534389,-0.18859319474349,1.5578492933329713,15,False,0.31029023746701845,False,
3,exit_bars=5|exit_policy=threshold_or_bars|overbought=85|oversold=20|rsi_period=2|strategy_mode=long,1.4071151028912268,-0.3907787557729439,1.516360037393039,16,False,0.2984168865435356,False,
3,exit_bars=5|exit_policy=threshold_or_bars|overbought=80|oversold=20|rsi_period=2|strategy_mode=long,1.3436811591362827,-0.5214388967969145,1.4986226059796477,17,False,0.28522427440633247,False,
3,exit_bars=5|exit_policy=threshold_or_bars|overbought=90|oversold=20|rsi_period=2|strategy_mode=long,1.3240700931711915,-0.29666467494539706,1.4940021115384599,18,False,0.30606860158311344,False,
3,exit_bars=5|exit_policy=threshold_or_bars|overbought=75|oversold=20|rsi_period=2|strategy_mode=long,1.1995070707030655,-0.5363516298559802,1.398897056336002,19,False,0.2736147757255937,False,
3,exit_bars=5|exit_policy=threshold_or_bars|overbought=65|oversold=20|rsi_period=2|strategy_mode=long,1.1918836384957299,-0.368011226867997,1.3415872424021222,20,False,0.24722955145118733,False,
3,exit_bars=5|exit_policy=threshold_or_bars|overbought=70|oversold=20|rsi_period=2|strategy_mode=long,1.2187577441126138,-0.07707090632786585,1.335059044100231,21,False,0.2588390501319261,False,
3,exit_bars=5|exit_policy=threshold_or_bars|overbought=85|oversold=15|rsi_period=2|strategy_mode=long,1.332749838802997,-0.5602718534576582,1.303599498982371,22,False,0.25303430079155675,False,
3,exit_bars=5|exit_policy=threshold_or_bars|overbought=80|oversold=15|rsi_period=2|strategy_mode=long,1.443478840774347,-0.45131382811046095,1.2996718839310983,23,False,0.24327176781002638,False,
3,exit_bars=5|exit_policy=threshold_or_bars|overbought=95|oversold=15|rsi_period=2|strategy_mode=long,1.3664516247868503,-0.4478751472407105,1.2990644428419673,24,False,0.26279683377308705,False,
3,exit_bars=5|exit_policy=threshold_or_bars|overbought=90|oversold=15|rsi_period=2|strategy_mode=long,1.29590163602818,-0.46993146739322483,1.2860247637499458,25,False,0.2598944591029024,False,
3,exit_bars=5|exit_policy=threshold_or_bars|overbought=75|oversold=15|rsi_period=2|strategy_mode=long,1.2877631124501727,-0.43935761185884464,1.2046207844352794,26,False,0.23430079155672823,False,
3,exit_bars=5|exit_policy=threshold_or_bars|overbought=70|oversold=15|rsi_period=2|strategy_mode=long,1.266684484172492,-0.339571056521056,1.1585914110156064,27,False,0.21846965699208443,False,
3,exit_bars=5|exit_policy=threshold_or_bars|overbought=95|oversold=10|rsi_period=2|strategy_mode=long,1.1041775306994,-0.6628553903082188,1.0622322622967437,28,False,0.19472295514511873,False,
3,exit_bars=5|exit_policy=threshold_or_bars|overbought=85|oversold=10|rsi_period=2|strategy_mode=long,1.0387520764151044,-0.6420701831509001,1.0411317010405061,29,False,0.19050131926121372,False,
3,exit_bars=5|exit_policy=threshold_or_bars|overbought=90|oversold=10|rsi_period=2|strategy_mode=long,1.1109506259605095,-0.6943862677477971,1.0368480556454953,30,False,0.19393139841688653,False,
3,exit_bars=5|exit_policy=threshold_or_bars|overbought=65|oversold=15|rsi_period=2|strategy_mode=long,1.1996775990377961,-0.5196822924950165,1.030171731851969,31,False,0.20976253298153033,False,
3,exit_bars=5|exit_policy=threshold_or_bars|overbought=80|oversold=10|rsi_period=2|strategy_mode=long,1.0906864684916917,-0.7235866243728559,1.0131185463346806,32,False,0.18258575197889182,False,
3,exit_bars=5|exit_policy=threshold_or_bars|overbought=75|oversold=10|rsi_period=2|strategy_mode=long,0.8256704140763208,-0.7063774022158443,0.9442662255264912,33,False,0.17440633245382586,False,
3,exit_bars=5|exit_policy=threshold_or_bars|overbought=65|oversold=10|rsi_period=2|strategy_mode=long,0.46244120570185837,-0.5661824562021525,0.8156150028245278,34,False,0.15567282321899736,False,
3,exit_bars=5|exit_policy=threshold_or_bars|overbought=70|oversold=10|rsi_period=2|strategy_mode=long,0.8200741153049574,-0.5661824562021525,0.8083020383439676,35,False,0.1633245382585752,False,
3,exit_bars=5|exit_policy=threshold_or_bars|overbought=95|oversold=5|rsi_period=2|strategy_mode=long,0.6673492677402155,-1.8678872364283647,0.8019950691879659,36,False,0.10422163588390501,False,
3,exit_bars=5|exit_policy=threshold_or_bars|overbought=80|oversold=5|rsi_period=2|strategy_mode=long,0.6670049319159388,-1.4096153088787327,0.7718369783122929,37,False,0.0970976253298153,False,
3,exit_bars=5|exit_policy=threshold_or_bars|overbought=90|oversold=5|rsi_period=2|strategy_mode=long,0.6344584091242822,-1.8678872364283647,0.7613194495893089,38,False,0.10290237467018469,False,
3,exit_bars=5|exit_policy=threshold_or_bars|overbought=85|oversold=5|rsi_period=2|strategy_mode=long,0.6325194955322282,-1.8678872364283647,0.7431837282468884,39,False,0.10026385224274406,False,
3,exit_bars=5|exit_policy=threshold_or_bars|overbought=70|oversold=5|rsi_period=2|strategy_mode=long,0.666639972464209,-1.2160266633850827,0.7410295490829947,40,False,0.08865435356200528,False,
3,exit_bars=5|exit_policy=threshold_or_bars|overbought=75|oversold=5|rsi_period=2|strategy_mode=long,0.6971370173093132,-1.2160266633850827,0.7141130839414455,41,False,0.09419525065963061,False,
3,exit_bars=5|exit_policy=threshold_or_bars|overbought=65|oversold=5|rsi_period=2|strategy_mode=long,0.780267091253499,-1.4048933845080083,0.6364494231398554,42,False,0.08548812664907651,False,
4,exit_bars=5|exit_policy=threshold_or_bars|overbought=95|oversold=30|rsi_period=2|strategy_mode=long,2.176568838801844,-0.29273768688622975,2.0199206338956186,1,True,0.3836810139952469,True,
4,exit_bars=5|exit_policy=threshold_or_bars|overbought=90|oversold=30|rsi_period=2|strategy_mode=long,1.9745229023006639,0.022969456404446784,1.9414558911566313,2,False,0.3741748085555849,False,
4,exit_bars=5|exit_policy=threshold_or_bars|overbought=85|oversold=30|rsi_period=2|strategy_mode=long,1.85033610360084,0.007017940637925488,1.8520987463513046,3,False,0.36044362292051757,False,
4,exit_bars=5|exit_policy=threshold_or_bars|overbought=80|oversold=30|rsi_period=2|strategy_mode=long,1.793792222262344,0.02421479747304971,1.802800611047991,4,False,0.34407182466332187,False,
4,exit_bars=5|exit_policy=threshold_or_bars|overbought=75|oversold=30|rsi_period=2|strategy_mode=long,1.8245666590675178,-0.04436956859443775,1.7776601182263934,5,False,0.3324531291259572,False,
4,exit_bars=5|exit_policy=threshold_or_bars|overbought=70|oversold=30|rsi_period=2|strategy_mode=long,1.8907830145370643,-0.5243515773935957,1.7720280875569683,6,False,0.3118563506733562,False,
4,exit_bars=5|exit_policy=threshold_or_bars|overbought=65|oversold=30|rsi_period=2|strategy_mode=long,1.8138057409227581,-0.5538512183478399,1.7154012390741888,7,False,0.30340639028254557,False,
4,exit_bars=5|exit_policy=threshold_or_bars|overbought=95|oversold=25|rsi_period=2|strategy_mode=long,1.9086701605843472,-0.7327750917367911,1.6928803946568882,8,False,0.3601795616583047,False,
4,exit_bars=5|exit_policy=threshold_or_bars|overbought=90|oversold=25|rsi_period=2|strategy_mode=long,1.7643957199231763,-0.5104084582201669,1.6511824595611333,9,False,0.3496171111697914,False,
4,exit_bars=5|exit_policy=threshold_or_bars|overbought=85|oversold=25|rsi_period=2|strategy_mode=long,1.789743757241371,-0.4648741893481937,1.6093392344004536,10,False,0.3361499867969369,False,
4,exit_bars=5|exit_policy=threshold_or_bars|overbought=80|oversold=25|rsi_period=2|strategy_mode=long,1.7425074592612626,-0.448510580352291,1.5631207066506818,11,False,0.32004224980195406,False,
4,exit_bars=5|exit_policy=threshold_or_bars|overbought=75|oversold=25|rsi_period=2|strategy_mode=long,1.6014985770386472,-0.5221867139669333,1.4948214895395242,12,False,0.30736730921573807,False,
4,exit_bars=5|exit_policy=threshold_or_bars|overbought=70|oversold=25|rsi_period=2|strategy_mode=long,1.5589569357005335,-0.5504528979355094,1.468932144989326,13,False,0.2886189595986269,False,
4,exit_bars=5|exit_policy=threshold_or_bars|overbought=65|oversold=25|rsi_period=2|strategy_mode=long,1.4416149617627443,-0.5773061943545635,1.3897214527115085,14,False,0.27911275415896486,False,
4,exit_bars=5|exit_policy=threshold_or_bars|overbought=95|oversold=20|rsi_period=2|strategy_mode=long,0.9218868593181857,0.2328908948450862,1.1681986868962984,15,False,0.3063110641668867,False,
4,exit_bars=5|exit_policy=threshold_or_bars|overbought=80|oversold=20|rsi_period=2|strategy_mode=long,0.8880615174497851,0.2652556198455224,1.075982857493096,16,False,0.2809611829944547,False,
4,exit_bars=5|exit_policy=threshold_or_bars|overbought=85|oversold=20|rsi_period=2|strategy_mode=long,0.8997131319756184,0.26523975792796933,1.0720459143854644,17,False,0.29469236862952203,False,
4,exit_bars=5|exit_policy=threshold_or_bars|overbought=90|oversold=20|rsi_period=2|strategy_mode=long,0.818579757756108,0.2570451188508988,1.0705541660885116,18,False,0.30182202270926856,False,
4,exit_bars=5|exit_policy=threshold_or_bars|overbought=75|oversold=20|rsi_period=2|strategy_mode=long,0.7465778166296605,0.05912822819127437,1.0060464807689975,19,False,0.26934248745709005,False,
4,exit_bars=5|exit_policy=threshold_or_bars|overbought=65|oversold=20|rsi_period=2|strategy_mode=long,0.7445081724599985,-0.09248053603927822,0.9682306408690711,20,False,0.24399260628465805,False,
4,exit_bars=5|exit_policy=threshold_or_bars|overbought=70|oversold=20|rsi_period=2|strategy_mode=long,0.8518072359076403,-0.08330493638658253,0.9669847508075844,21,False,0.25455505677317136,False,
4,exit_bars=5|exit_policy=threshold_or_bars|overbought=80|oversold=15|rsi_period=2|strategy_mode=long,1.103054362149154,0.153181060268438,0.9654224114347916,22,False,0.23923950356482704,False,
4,exit_bars=5|exit_policy=threshold_or_bars|overbought=85|oversold=15|rsi_period=2|strategy_mode=long,0.9641314075044392,0.13546541198610126,0.9506388320348274,23,False,0.24953789279112754,False,
4,exit_bars=5|exit_policy=threshold_or_bars|overbought=95|oversold=15|rsi_period=2|strategy_mode=long,1.0236579699265524,0.0985577589360441,0.9488828226182319,24,False,0.25904409823078955,False,
4,exit_bars=5|exit_policy=threshold_or_bars|overbought=90|oversold=15|rsi_period=2|strategy_mode=long,0.9481953614694691,0.12107243658592924,0.9318262410253894,25,False,0.25587536308423553,False,
4,exit_bars=5|exit_policy=threshold_or_bars|overbought=75|oversold=15|rsi_period=2|strategy_mode=long,0.9422872568192544,-0.003754355117872188,0.877441924318725,26,False,0.2302614206495907,False,
4,exit_bars=5|exit_policy=threshold_or_bars|overbought=95|oversold=10|rsi_period=2|strategy_mode=long,0.90179109975872,0.12399886337624108,0.8605466764315739,27,False,0.19276472141536838,False,
4,exit_bars=5|exit_policy=threshold_or_bars|overbought=70|oversold=15|rsi_period=2|strategy_mode=long,0.9330735933400894,-0.04523401701845345,0.8471863635470294,28,False,0.21388962239239503,False,
4,exit_bars=5|exit_policy=threshold_or_bars|overbought=85|oversold=10|rsi_period=2|strategy_mode=long,0.8380998970754561,0.13839830855823573,0.8425127666881724,29,False,0.18801161869553737,False,
4,exit_bars=5|exit_policy=threshold_or_bars|overbought=80|oversold=10|rsi_period=2|strategy_mode=long,0.9295775132513246,0.13839830855823573,0.8366380545245538,30,False,0.1795616583047267,False,
4,exit_bars=5|exit_policy=threshold_or_bars|overbought=90|oversold=10|rsi_period=2|strategy_mode=long,0.9045667084703778,0.12399886337624108,0.8341822931137198,31,False,0.19170847636651703,False,
4,exit_bars=5|exit_policy=threshold_or_bars|overbought=75|oversold=10|rsi_period=2|strategy_mode=long,0.6622165926554671,-0.022078111483023563,0.7802485761391849,32,False,0.17111169791391603,False,
4,exit_bars=5|exit_policy=threshold_or_bars|overbought=80|oversold=5|rsi_period=2|strategy_mode=long,0.6502419074913668,-0.4365934344493665,0.7123494268823929,33,False,0.09347768682334301,False,
4,exit_bars=5|exit_policy=threshold_or_bars|overbought=65|oversold=15|rsi_period=2|strategy_mode=long,0.8349921933459011,-0.053781413929685155,0.7007132912711733,34,False,0.20596778452601003,False,
4,exit_bars=5|exit_policy=threshold_or_bars|overbought=95|oversold=5|rsi_period=2|strategy_mode=long,0.6121709275706456,-0.4521081199175986,0.6974068087079806,35,False,0.10060734090308952,False,
4,exit_bars=5|exit_policy=threshold_or_bars|overbought=90|oversold=5|rsi_period=2|strategy_mode=long,0.5782583987945764,-0.4521081199175986,0.6677960854937162,36,False,0.09928703459202536,False,
4,exit_bars=5|exit_policy=threshold_or_bars|overbought=70|oversold=5|rsi_period=2|strategy_mode=long,0.629020438870978,-0.41777982457741447,0.6645093249288271,37,False,0.08476366517031951,False,
4,exit_bars=5|exit_policy=threshold_or_bars|overbought=85|oversold=5|rsi_period=2|strategy_mode=long,0.5761883071392646,-0.4365934344493665,0.660697127625166,38,False,0.09664642196989702,False,
4,exit_bars=5|exit_policy=threshold_or_bars|overbought=75|oversold=5|rsi_period=2|strategy_mode=long,0.6933899796476156,-0.4365934344493665,0.6587172296663568,39,False,0.09004489041457618,False,
4,exit_bars=5|exit_policy=threshold_or_bars|overbought=70|oversold=10|rsi_period=2|strategy_mode=long,0.6737715383222619,-0.010235067956591258,0.6376722738255001,40,False,0.15949300237655137,False,
4,exit_bars=5|exit_policy=threshold_or_bars|overbought=65|oversold=10|rsi_period=2|strategy_mode=long,0.2902792059387044,-0.01877582601091299,0.6152245701203302,41,False,0.15236334829680487,False,
4,exit_bars=5|exit_policy=threshold_or_bars|overbought=65|oversold=5|rsi_period=2|strategy_mode=long,0.661855342874453,-0.42321329811338043,0.5270516625613785,42,False,0.08212305254819117,False,
5,exit_bars=5|exit_policy=threshold_or_bars|overbought=95|oversold=30|rsi_period=2|strategy_mode=long,1.981884062887636,1.0344613902761626,1.8002575430653212,1,True,0.384310618066561,True,
5,exit_bars=5|exit_policy=threshold_or_bars|overbought=90|oversold=30|rsi_period=2|strategy_mode=long,1.891720536331661,1.088566515535011,1.7646261208322116,2,False,0.3745377707342842,False,
5,exit_bars=5|exit_policy=threshold_or_bars|overbought=85|oversold=30|rsi_period=2|strategy_mode=long,1.712977042635467,1.1928662531399115,1.7031580919051077,3,False,0.36053882725832015,False,
5,exit_bars=5|exit_policy=threshold_or_bars|overbought=80|oversold=30|rsi_period=2|strategy_mode=long,1.7154587783650825,1.2363147778718198,1.6655138063446482,4,False,0.3468040147913365,False,
5,exit_bars=5|exit_policy=threshold_or_bars|overbought=75|oversold=30|rsi_period=2|strategy_mode=long,1.6751307461598046,0.9436714053854849,1.5734533275034788,5,False,0.3346539883782356,False,
5,exit_bars=5|exit_policy=threshold_or_bars|overbought=70|oversold=30|rsi_period=2|strategy_mode=long,1.5702803175029607,0.9380677177592731,1.5096392807165562,6,False,0.3132593766508188,False,
5,exit_bars=5|exit_policy=threshold_or_bars|overbought=95|oversold=25|rsi_period=2|strategy_mode=long,1.5271680299766668,0.6268209517664927,1.4837071166567966,7,False,0.3618594823032224,False,
5,exit_bars=5|exit_policy=threshold_or_bars|overbought=90|oversold=25|rsi_period=2|strategy_mode=long,1.4719228414740826,0.6807508598581438,1.4491218539471173,8,False,0.3507659799260433,False,
5,exit_bars=5|exit_policy=threshold_or_bars|overbought=85|oversold=25|rsi_period=2|strategy_mode=long,1.4924760102882197,0.4925681899815859,1.4359420938809624,9,False,0.3362387744321183,False,
5,exit_bars=5|exit_policy=threshold_or_bars|overbought=65|oversold=30|rsi_period=2|strategy_mode=long,1.5070190698786592,0.8092493428252071,1.4248662833724015,10,False,0.30427892234548337,False,
5,exit_bars=5|exit_policy=threshold_or_bars|overbought=80|oversold=25|rsi_period=2|strategy_mode=long,1.5584886582182385,0.4154573550237636,1.4171612081399252,11,False,0.3227680929741152,False,
5,exit_bars=5|exit_policy=threshold_or_bars|overbought=75|oversold=25|rsi_period=2|strategy_mode=long,1.3329434679860672,0.1286819727066758,1.3124748735920124,12,False,0.3085050184891706,False,
5,exit_bars=5|exit_policy=threshold_or_bars|overbought=70|oversold=25|rsi_period=2|strategy_mode=long,1.2861269893248,0.18281222072630576,1.2311984286812065,13,False,0.28895932382461703,False,
5,exit_bars=5|exit_policy=threshold_or_bars|overbought=65|oversold=25|rsi_period=2|strategy_mode=long,1.1972994627355844,0.42289854603113475,1.1747470062678012,14,False,0.27892234548335976,False,
5,exit_bars=5|exit_policy=threshold_or_bars|overbought=95|oversold=20|rsi_period=2|strategy_mode=long,0.953853532288801,0.31063357622457555,1.0909889660533092,15,False,0.3045430533544638,False,
5,exit_bars=5|exit_policy=threshold_or_bars|overbought=80|oversold=20|rsi_period=2|strategy_mode=long,0.9864391258420178,0.23753808209001584,1.0643652474268444,16,False,0.280243000528262,False,
5,exit_bars=5|exit_policy=threshold_or_bars|overbought=85|oversold=20|rsi_period=2|strategy_mode=long,0.9438459167888049,0.162273500048444,1.0526824567960467,17,False,0.29212889593238245,False,
5,exit_bars=5|exit_policy=threshold_or_bars|overbought=90|oversold=20|rsi_period=2|strategy_mode=long,0.8623218516649556,0.29865728092861055,1.0379362275074289,18,False,0.29978869519281565,False,
5,exit_bars=5|exit_policy=threshold_or_bars|overbought=80|oversold=15|rsi_period=2|strategy_mode=long,1.1233680300140088,1.3528814365758264,0.9579832018505993,19,False,0.23481246698362387,False,
5,exit_bars=5|exit_policy=threshold_or_bars|overbought=85|oversold=15|rsi_period=2|strategy_mode=long,0.978329379396236,1.3527216150270762,0.9548595513581837,20,False,0.24379292128895932,False,
5,exit_bars=5|exit_policy=threshold_or_bars|overbought=95|oversold=15|rsi_period=2|strategy_mode=long,1.020612450282813,1.5003708390123858,0.9474437580487951,21,False,0.25382989963021657,False,
5,exit_bars=5|exit_policy=threshold_or_bars|overbought=90|oversold=15|rsi_period=2|strategy_mode=long,0.9577369953205007,1.5003708390123858,0.9350131426033886,22,False,0.25039619651347067,False,
5,exit_bars=5|exit_policy=threshold_or_bars|overbought=75|oversold=20|rsi_period=2|strategy_mode=long,0.7096845062711515,0.19279412201351806,0.9259807849588005,23,False,0.26782884310618066,False,
5,exit_bars=5|exit_policy=threshold_or_bars|overbought=70|oversold=20|rsi_period=2|strategy_mode=long,0.7693419058566212,0.37700675625390206,0.8773117767070528,24,False,0.2525092445853143,False,
5,exit_bars=5|exit_policy=threshold_or_bars|overbought=65|oversold=20|rsi_period=2|strategy_mode=long,0.7085425031321608,0.4089134672747386,0.8726093017776368,25,False,0.24194400422609613,False,
5,exit_bars=5|exit_policy=threshold_or_bars|overbought=75|oversold=15|rsi_period=2|strategy_mode=long,0.8314949188381449,1.4025574214043544,0.8258865088677461,26,False,0.22556788166930797,False,
5,exit_bars=5|exit_policy=threshold_or_bars|overbought=70|oversold=15|rsi_period=2|strategy_mode=long,0.9128629789505313,1.525824592365931,0.7911377189931725,27,False,0.20945589012150026,False,
5,exit_bars=5|exit_policy=threshold_or_bars|overbought=95|oversold=10|rsi_period=2|strategy_mode=long,0.8575720543030652,1.7403262406144755,0.7047114481684598,28,False,0.1896460644479662,False,
5,exit_bars=5|exit_policy=threshold_or_bars|overbought=85|oversold=10|rsi_period=2|strategy_mode=long,0.7710174352713685,1.8146822916144028,0.6991921782615501,29,False,0.18515583729529847,False,
5,exit_bars=5|exit_policy=threshold_or_bars|overbought=90|oversold=10|rsi_period=2|strategy_mode=long,0.8560650363524376,1.7368082182166684,0.6991761279951358,30,False,0.18885367142102483,False,
5,exit_bars=5|exit_policy=threshold_or_bars|overbought=80|oversold=10|rsi_period=2|strategy_mode=long,0.8702845551625896,1.8146822916144028,0.6795199458093075,31,False,0.1780243000528262,False,
5,exit_bars=5|exit_policy=threshold_or_bars|overbought=65|oversold=15|rsi_period=2|strategy_mode=long,0.8152533353861812,1.5912317703660055,0.6760486690334966,32,False,0.20153195985208663,False,
5,exit_bars=5|exit_policy=threshold_or_bars|overbought=75|oversold=10|rsi_period=2|strategy_mode=long,0.5520221102648939,1.765882604546861,0.5990619632053675,33,False,0.16957210776545167,False,
5,exit_bars=5|exit_policy=threshold_or_bars|overbought=70|oversold=10|rsi_period=2|strategy_mode=long,0.626735455934384,1.7994181799716855,0.48403299767847774,34,False,0.1576862123613312,False,
5,exit_bars=5|exit_policy=threshold_or_bars|overbought=65|oversold=10|rsi_period=2|strategy_mode=long,0.26753585866511337,1.591089416853135,0.44762961916450283,35,False,0.15055467511885895,False,
5,exit_bars=5|exit_policy=threshold_or_bars|overbought=95|oversold=5|rsi_period=2|strategy_mode=long,0.08459625173552313,3.8026755660115583,0.33188580825563196,36,False,0.09614368726888536,False,
5,exit_bars=5|exit_policy=threshold_or_bars|overbought=80|oversold=5|rsi_period=2|strategy_mode=long,0.08090759833367651,3.7996679386352334,0.27155735361205247,37,False,0.08927628103539356,False,
5,exit_bars=5|exit_policy=threshold_or_bars|overbought=90|oversold=5|rsi_period=2|strategy_mode=long,0.05348911872830762,3.8026755660115583,0.2536037229853466,38,False,0.0948230322239831,False,
5,exit_bars=5|exit_policy=threshold_or_bars|overbought=85|oversold=5|rsi_period=2|strategy_mode=long,0.020264485125118192,3.7996679386352334,0.2314196593646177,39,False,0.09218172213417855,False,
5,exit_bars=5|exit_policy=threshold_or_bars|overbought=70|oversold=5|rsi_period=2|strategy_mode=long,0.061008584577465934,3.567970668491172,0.220877660752752,40,False,0.08029582673005811,False,
5,exit_bars=5|exit_policy=threshold_or_bars|overbought=75|oversold=5|rsi_period=2|strategy_mode=long,0.1147727758268255,3.8390652577428153,0.20217776725071546,41,False,0.08584257791864765,False,
5,exit_bars=5|exit_policy=threshold_or_bars|overbought=65|oversold=5|rsi_period=2|strategy_mode=long,0.08099382667233264,2.8472559874768484,0.13651275663830398,42,False,0.07739038563127311,False,
6,exit_bars=5|exit_policy=threshold_or_bars|overbought=95|oversold=30|rsi_period=2|strategy_mode=long,1.8624062242667785,1.0874973417940428,1.5905334956755455,1,True,0.38104040137311856,True,
6,exit_bars=5|exit_policy=threshold_or_bars|overbought=90|oversold=30|rsi_period=2|strategy_mode=long,1.7729300854172036,1.165061033761756,1.5774116245030307,2,False,0.3717982571956694,False,
6,exit_bars=5|exit_policy=threshold_or_bars|overbought=85|oversold=30|rsi_period=2|strategy_mode=long,1.59286337312427,1.3636944216962021,1.4839306273566941,3,False,0.3580670715606021,False,
6,exit_bars=5|exit_policy=threshold_or_bars|overbought=80|oversold=30|rsi_period=2|strategy_mode=long,1.4971840507577674,0.7419960407123332,1.4024327816844173,4,False,0.3419593345656192,False,
6,exit_bars=5|exit_policy=threshold_or_bars|overbought=75|oversold=30|rsi_period=2|strategy_mode=long,1.4282159260775258,0.7692058378236477,1.2927124163054067,5,False,0.33034063902825456,False,
6,exit_bars=5|exit_policy=threshold_or_bars|overbought=70|oversold=30|rsi_period=2|strategy_mode=long,1.4139724985248485,0.5910332755488973,1.2823061012297454,6,False,0.3094797993134407,False,
6,exit_bars=5|exit_policy=threshold_or_bars|overbought=65|oversold=30|rsi_period=2|strategy_mode=long,1.3693939860127287,1.0715905660722216,1.2213884804100559,7,False,0.30023765513599154,False,
6,exit_bars=5|exit_policy=threshold_or_bars|overbought=95|oversold=25|rsi_period=2|strategy_mode=long,1.1362641773426543,0.9577697930376091,1.2134979117488243,8,False,0.35542645893847374,False,
6,exit_bars=5|exit_policy=threshold_or_bars|overbought=90|oversold=25|rsi_period=2|strategy_mode=long,1.0814468152038708,0.8617153491611629,1.1473800231905542,9,False,0.3448640084499604,False,
6,exit_bars=5|exit_policy=threshold_or_bars|overbought=85|oversold=25|rsi_period=2|strategy_mode=long,1.0727450001275354,1.3951980798319779,1.119904102882051,10,False,0.33113282281489304,False,
6,exit_bars=5|exit_policy=threshold_or_bars|overbought=80|oversold=25|rsi_period=2|strategy_mode=long,1.091467776778106,0.6784484066321774,1.0549317384243053,11,False,0.3171375759176129,False,
6,exit_bars=5|exit_policy=threshold_or_bars|overbought=85|oversold=15|rsi_period=2|strategy_mode=long,1.024978988045042,0.8959425563687584,0.9620954622287543,12,False,0.24320042249801954,False,
6,exit_bars=5|exit_policy=threshold_or_bars|overbought=75|oversold=25|rsi_period=2|strategy_mode=long,0.8314771898614849,0.6744674814186166,0.9589005230336817,13,False,0.30340639028254557,False,
6,exit_bars=5|exit_policy=threshold_or_bars|overbought=95|oversold=15|rsi_period=2|strategy_mode=long,1.0412285246252142,1.1263796903957695,0.9517894844460529,14,False,0.2532347504621072,False,
6,exit_bars=5|exit_policy=threshold_or_bars|overbought=90|oversold=15|rsi_period=2|strategy_mode=long,0.9918983535276287,0.8887574016977691,0.9459516516313954,15,False,0.250330076577766,False,
6,exit_bars=5|exit_policy=threshold_or_bars|overbought=65|oversold=25|rsi_period=2|strategy_mode=long,0.8807989566925907,1.2653305290775563,0.9368259520302493,16,False,0.2743596514391339,False,
6,exit_bars=5|exit_policy=threshold_or_bars|overbought=70|oversold=25|rsi_period=2|strategy_mode=long,0.9176419943038793,0.6699644376136794,0.9366673338914326,17,False,0.2846580406654344,False,
6,exit_bars=5|exit_policy=threshold_or_bars|overbought=80|oversold=15|rsi_period=2|strategy_mode=long,1.0835573674427503,0.5148696001275209,0.9335115609716705,18,False,0.23475046210720887,False,
6,exit_bars=5|exit_policy=threshold_or_bars|overbought=95|oversold=20|rsi_period=2|strategy_mode=long,0.7738744301819933,1.4211645693362907,0.9062202925028424,19,False,0.30261420649590703,False,
6,exit_bars=5|exit_policy=threshold_or_bars|overbought=85|oversold=20|rsi_period=2|strategy_mode=long,0.760997549176473,1.3356192100576174,0.8628040499614384,20,False,0.2896752046474782,False,
6,exit_bars=5|exit_policy=threshold_or_bars|overbought=90|oversold=20|rsi_period=2|strategy_mode=long,0.6735140378615079,1.3253328668407616,0.8563462371902947,21,False,0.29786110377607605,False,
6,exit_bars=5|exit_policy=threshold_or_bars|overbought=80|oversold=20|rsi_period=2|strategy_mode=long,0.7817846745966334,0.9129239599680766,0.848701419228275,22,False,0.27805650911011354,False,
6,exit_bars=5|exit_policy=threshold_or_bars|overbought=85|oversold=10|rsi_period=2|strategy_mode=long,0.9490450529518786,-0.06614175359819593,0.8228733136810724,23,False,0.1827303934512807,False,
6,exit_bars=5|exit_policy=threshold_or_bars|overbought=90|oversold=10|rsi_period=2|strategy_mode=long,0.9981383540975843,0.2793936336041602,0.8192428441061497,24,False,0.18616318986004754,False,
6,exit_bars=5|exit_policy=threshold_or_bars|overbought=80|oversold=10|rsi_period=2|strategy_mode=long,0.9988344330019737,-0.3705733769514684,0.7934169515192531,25,False,0.17612886189595986,False,
6,exit_bars=5|exit_policy=threshold_or_bars|overbought=75|oversold=15|rsi_period=2|strategy_mode=long,0.7784023417719534,0.5054838856700244,0.793178411396403,26,False,0.2247161341431212,False,
6,exit_bars=5|exit_policy=threshold_or_bars|overbought=95|oversold=10|rsi_period=2|strategy_mode=long,1.0001566294493753,0.4082450122392974,0.7926207766713984,27,False,0.18721943490889886,False,
6,exit_bars=5|exit_policy=threshold_or_bars|overbought=70|oversold=15|rsi_period=2|strategy_mode=long,0.8742837192481918,0.15669217634895288,0.772004075080551,28,False,0.20860839714813836,False,
6,exit_bars=5|exit_policy=threshold_or_bars|overbought=65|oversold=20|rsi_period=2|strategy_mode=long,0.579468871111799,0.8839314743496879,0.7198349165985618,29,False,0.23923950356482704,False,
6,exit_bars=5|exit_policy=threshold_or_bars|overbought=75|oversold=10|rsi_period=2|strategy_mode=long,0.7039489003717077,-0.42912640613524744,0.7123191266879358,30,False,0.1676789015051492,False,
6,exit_bars=5|exit_policy=threshold_or_bars|overbought=75|oversold=20|rsi_period=2|strategy_mode=long,0.5256997281474122,0.8252655958619625,0.7113619928903687,31,False,0.26643781357274887,False,
6,exit_bars=5|exit_policy=threshold_or_bars|overbought=70|oversold=20|rsi_period=2|strategy_mode=long,0.6394460300743597,0.33642504298532194,0.7073080685771285,32,False,0.25112226036440455,False,
6,exit_bars=5|exit_policy=threshold_or_bars|overbought=65|oversold=15|rsi_period=2|strategy_mode=long,0.7796258085154979,0.48865223647009726,0.6685581941611339,33,False,0.19963031423290203,False,
6,exit_bars=5|exit_policy=threshold_or_bars|overbought=70|oversold=10|rsi_period=2|strategy_mode=long,0.7882624757927525,-0.7392213098305601,0.604511623270448,34,False,0.15632426722999737,False,
6,exit_bars=5|exit_policy=threshold_or_bars|overbought=65|oversold=10|rsi_period=2|strategy_mode=long,0.4408543777690472,-0.32941313518248067,0.5416615665461566,35,False,0.14866649062582518,False,
6,exit_bars=5|exit_policy=threshold_or_bars|overbought=95|oversold=5|rsi_period=2|strategy_mode=long,0.1309595985134197,0.3973589104930032,0.4293640194890254,36,False,0.09479799313440718,False,
6,exit_bars=5|exit_policy=threshold_or_bars|overbought=80|oversold=5|rsi_period=2|strategy_mode=long,0.23169900382795497,0.44694096171294484,0.4165126649100259,37,False,0.08846052284129918,False,
6,exit_bars=5|exit_policy=threshold_or_bars|overbought=85|oversold=5|rsi_period=2|strategy_mode=long,0.1433697403088839,0.3973589104930032,0.3702724068982497,38,False,0.09110113546342752,False,
6,exit_bars=5|exit_policy=threshold_or_bars|overbought=70|oversold=5|rsi_period=2|strategy_mode=long,0.2152086431705412,0.22263230030784084,0.3633805513929784,39,False,0.07895431740163718,False,
6,exit_bars=5|exit_policy=threshold_or_bars|overbought=75|oversold=5|rsi_period=2|strategy_mode=long,0.2921474825012911,0.17261005783416977,0.3607510074678737,40,False,0.08476366517031951,False,
6,exit_bars=5|exit_policy=threshold_or_bars|overbought=90|oversold=5|rsi_period=2|strategy_mode=long,0.15697583050428135,0.3973589104930032,0.35736088085604234,41,False,0.09374174808555585,False,
6,exit_bars=5|exit_policy=threshold_or_bars|overbought=65|oversold=5|rsi_period=2|strategy_mode=long,0.1579036041073288,0.10880548001134112,0.27132220834897236,42,False,0.07525745973065752,False,
7,exit_bars=5|exit_policy=threshold_or_bars|overbought=95|oversold=30|rsi_period=2|strategy_mode=long,2.007448749948902,1.181832166154265,1.7821563056912175,1,True,0.38589540412044376,True,
7,exit_bars=5|exit_policy=threshold_or_bars|overbought=90|oversold=30|rsi_period=2|strategy_mode=long,1.9383886429709722,1.1020223797087518,1.7743233243751904,2,False,0.3769149498151083,False,
7,exit_bars=5|exit_policy=threshold_or_bars|overbought=85|oversold=30|rsi_period=2|strategy_mode=long,1.8069961667746712,1.2699709018557335,1.696731718495025,3,False,0.36318013734812465,False,
7,exit_bars=5|exit_policy=threshold_or_bars|overbought=80|oversold=30|rsi_period=2|strategy_mode=long,1.716447169679865,1.2523661092983607,1.625053352624747,4,False,0.3478605388272583,False,
7,exit_bars=5|exit_policy=threshold_or_bars|overbought=70|oversold=30|rsi_period=2|strategy_mode=long,1.699296421424599,0.2901675942103098,1.556149476770387,5,False,0.3159006867406233,False,
7,exit_bars=5|exit_policy=threshold_or_bars|overbought=75|oversold=30|rsi_period=2|strategy_mode=long,1.64842770608584,0.44042884127590237,1.5291674187906423,6,False,0.33544638140517696,False,
7,exit_bars=5|exit_policy=threshold_or_bars|overbought=65|oversold=30|rsi_period=2|strategy_mode=long,1.649518364671605,0.030279100125470065,1.5143176495658877,7,False,0.3077126254622293,False,
7,exit_bars=5|exit_policy=threshold_or_bars|overbought=95|oversold=25|rsi_period=2|strategy_mode=long,1.4006315241537781,0.3004967240065248,1.4881379853102676,8,False,0.35974643423137875,False,
7,exit_bars=5|exit_policy=threshold_or_bars|overbought=90|oversold=25|rsi_period=2|strategy_mode=long,1.344459737806216,0.28018814011165566,1.4203513906890928,9,False,0.34918119387216057,False,
7,exit_bars=5|exit_policy=threshold_or_bars|overbought=85|oversold=25|rsi_period=2|strategy_mode=long,1.3250948945545913,0.11167099529015968,1.3805843148474266,10,False,0.33518225039619653,False,
7,exit_bars=5|exit_policy=threshold_or_bars|overbought=80|oversold=25|rsi_period=2|strategy_mode=long,1.3283423679586122,0.07335015461538931,1.3103939612991826,11,False,0.32118330692023245,False,
7,exit_bars=5|exit_policy=threshold_or_bars|overbought=65|oversold=25|rsi_period=2|strategy_mode=long,1.1941381626014589,-0.2952253170108802,1.2404833037043521,12,False,0.2799788695192816,False,
7,exit_bars=5|exit_policy=threshold_or_bars|overbought=70|oversold=25|rsi_period=2|strategy_mode=long,1.2273554148995034,-0.022993269591115886,1.2230590816703346,13,False,0.28948758584257794,False,
7,exit_bars=5|exit_policy=threshold_or_bars|overbought=75|oversold=25|rsi_period=2|strategy_mode=long,1.052498377972265,-0.06165806472615572,1.2211013100089045,14,False,0.3069202324352879,False,
7,exit_bars=5|exit_policy=threshold_or_bars|overbought=95|oversold=20|rsi_period=2|strategy_mode=long,1.2000119293321743,-0.2299901330129812,1.1775057462224534,15,False,0.30665610142630745,False,
7,exit_bars=5|exit_policy=threshold_or_bars|overbought=90|oversold=20|rsi_period=2|strategy_mode=long,1.0931821539599065,-0.2440732120240673,1.1330131398604606,16,False,0.3019017432646593,False,
7,exit_bars=5|exit_policy=threshold_or_bars|overbought=85|oversold=20|rsi_period=2|strategy_mode=long,1.098028407143042,-0.4160264846745869,1.122078430472915,17,False,0.29344955097728476,False,
7,exit_bars=5|exit_policy=threshold_or_bars|overbought=80|oversold=20|rsi_period=2|strategy_mode=long,1.1295869963305796,-0.5121297684387414,1.078917210384952,18,False,0.28129952456418383,False,
7,exit_bars=5|exit_policy=threshold_or_bars|overbought=95|oversold=15|rsi_period=2|strategy_mode=long,1.0161973774439554,0.8359464401376918,1.0393617126772323,19,False,0.2601690438457475,False,
7,exit_bars=5|exit_policy=threshold_or_bars|overbought=90|oversold=15|rsi_period=2|strategy_mode=long,0.9293834710609647,0.8780132503530249,0.9987787080911282,20,False,0.25673534072900156,False,
7,exit_bars=5|exit_policy=threshold_or_bars|overbought=85|oversold=15|rsi_period=2|strategy_mode=long,0.9644997003764552,0.708110601098113,0.9742364576817184,21,False,0.24881141045958796,False,
7,exit_bars=5|exit_policy=threshold_or_bars|overbought=65|oversold=20|rsi_period=2|strategy_mode=long,0.8909212726448403,-0.36111300144128444,0.9641152475397821,22,False,0.24352879027997887,False,
7,exit_bars=5|exit_policy=threshold_or_bars|overbought=70|oversold=20|rsi_period=2|strategy_mode=long,0.9420070314538466,-0.23260376335007665,0.9417511284580391,23,False,0.25462229265715797,False,
7,exit_bars=5|exit_policy=threshold_or_bars|overbought=80|oversold=15|rsi_period=2|strategy_mode=long,0.9897455973642248,0.643137370297613,0.9268885487353306,24,False,0.2393026941362916,False,
7,exit_bars=5|exit_policy=threshold_or_bars|overbought=75|oversold=20|rsi_period=2|strategy_mode=long,0.8488826831283018,-0.27543981539499296,0.9240650251956115,25,False,0.2696777601690438,False,
7,exit_bars=5|exit_policy=threshold_or_bars|overbought=70|oversold=15|rsi_period=2|strategy_mode=long,0.7995892401637033,0.6165811307370327,0.780420319946002,26,False,0.21341785525620707,False,
7,exit_bars=5|exit_policy=threshold_or_bars|overbought=75|oversold=15|rsi_period=2|strategy_mode=long,0.6473500370930647,0.6934810860526693,0.7772819155103201,27,False,0.22900158478605387,False,
7,exit_bars=5|exit_policy=threshold_or_bars|overbought=90|oversold=10|rsi_period=2|strategy_mode=long,0.990630837614359,1.1145927094369703,0.7679011247167835,28,False,0.19281563655573164,False,
7,exit_bars=5|exit_policy=threshold_or_bars|overbought=95|oversold=10|rsi_period=2|strategy_mode=long,1.0118540728718346,1.1145927094369703,0.7526003622608947,29,False,0.19440042260961438,False,
7,exit_bars=5|exit_policy=threshold_or_bars|overbought=85|oversold=10|rsi_period=2|strategy_mode=long,0.8895251124639059,0.8923212128532646,0.7499547078839341,30,False,0.18911780243000528,False,
7,exit_bars=5|exit_policy=threshold_or_bars|overbought=65|oversold=15|rsi_period=2|strategy_mode=long,0.829394523458982,0.3679870229783007,0.7334227224892444,31,False,0.20417326994189117,False,
7,exit_bars=5|exit_policy=threshold_or_bars|overbought=80|oversold=10|rsi_period=2|strategy_mode=long,0.9032604125123279,0.7980674260904521,0.6967986082714449,32,False,0.18225039619651348,False,
7,exit_bars=5|exit_policy=threshold_or_bars|overbought=75|oversold=10|rsi_period=2|strategy_mode=long,0.6008420198023062,0.6297801555074033,0.5907880061518371,33,False,0.17459059693608028,False,
7,exit_bars=5|exit_policy=threshold_or_bars|overbought=70|oversold=10|rsi_period=2|strategy_mode=long,0.683760767560414,0.48165683127557807,0.5053171739383441,34,False,0.16376122556788167,False,
7,exit_bars=5|exit_policy=threshold_or_bars|overbought=65|oversold=10|rsi_period=2|strategy_mode=long,0.4137858536894522,0.48165683127557807,0.4812772162318919,35,False,0.15530903328050713,False,
7,exit_bars=5|exit_policy=threshold_or_bars|overbought=95|oversold=5|rsi_period=2|strategy_mode=long,-0.00828083888657018,0.011965293661957706,0.34056178785270586,36,False,0.098256735340729,False,
7,exit_bars=5|exit_policy=threshold_or_bars|overbought=80|oversold=5|rsi_period=2|strategy_mode=long,0.10061989921445978,-0.33488015849912867,0.28111614549262076,37,False,0.0919175911251981,False,
7,exit_bars=5|exit_policy=threshold_or_bars|overbought=85|oversold=5|rsi_period=2|strategy_mode=long,0.0018574764526229992,0.011965293661957706,0.25252865442596045,38,False,0.0948230322239831,False,
7,exit_bars=5|exit_policy=threshold_or_bars|overbought=90|oversold=5|rsi_period=2|strategy_mode=long,0.01811212957285309,0.011965293661957706,0.25057990118831625,39,False,0.09720021130480719,False,
7,exit_bars=5|exit_policy=threshold_or_bars|overbought=75|oversold=5|rsi_period=2|strategy_mode=long,0.1187267937910724,-0.371971812180611,0.21219917532092075,40,False,0.08716323296354993,False,
7,exit_bars=5|exit_policy=threshold_or_bars|overbought=70|oversold=5|rsi_period=2|strategy_mode=long,0.028607988475844642,-0.5557519689958426,0.20731581751151262,41,False,0.08135235076597992,False,
7,exit_bars=5|exit_policy=threshold_or_bars|overbought=65|oversold=5|rsi_period=2|strategy_mode=long,-0.0018322797812805936,-0.5557519689958426,0.14685385412800542,42,False,0.07765451664025357,False,
