metric,value
objective_metric_name,t_stat
num_folds,8
num_selected_rows,8
mean_selected_raw_t_stat,0.6001212502415252
median_selected_raw_t_stat,0.6628195729175504
std_selected_raw_t_stat,0.8390519168464076
min_selected_raw_t_stat,-0.708358787168111
max_selected_raw_t_stat,2.0405250472708794
positive_raw_fold_rate,0.75
mean_selected_smoothed_t_stat,2.0013835560079043
unique_selected_features,2
most_selected_feature,exit_bars=5|exit_policy=threshold_or_bars|overbought=95|oversold=30|rsi_period=2|strategy_mode=long
most_selected_feature_count,6
mean_oos_portfolio_sharpe,0.8761716293655059
