peer_ensemble,ticker,timeframe,pearson,spearman,n_overlap_rows
mr_indices_long,ES,D,0.17215047513043827,0.1644618307522055,1259
mr_indices_long,GC,D,,,1260
mr_indices_long,NQ,D,0.16365446834884162,0.1777861232389649,1259
mr_indices_long_long,ES,D,,,1259
mr_indices_long_long,GC,D,,,1260
mr_indices_long_long,NQ,D,0.22477345901010398,0.24692619759347692,1259
algomatic_momentum_signal_long_defaults_long,ES,D,,,1259
algomatic_momentum_signal_long_defaults_long,GC,D,,,1260
algomatic_momentum_signal_long_defaults_long,NQ,D,0.01346654639845445,5.13387057902773e-05,1259
filter_sma200_above_consec_momentum_lb40_cb3_buy_long,ES,D,-0.04254869473141989,-0.04772504480342259,1259
filter_sma200_above_consec_momentum_lb40_cb3_buy_long,GC,D,,,1260
filter_sma200_above_consec_momentum_lb40_cb3_buy_long,NQ,D,-0.1258925167828116,-0.13425353172756638,1259
gc_sma_above_filter_d_period_200_long,ES,D,,,1259
gc_sma_above_filter_d_period_200_long,GC,D,0.01841075777154912,0.00882604660236445,1260
gc_sma_above_filter_d_period_200_long,NQ,D,,,1259
sma_regime_long_short_long_short,ES,D,0.0995492268174251,0.05478808020553105,1259
sma_regime_long_short_long_short,GC,D,,,1260
sma_regime_long_short_long_short,NQ,D,0.10128368377440726,0.0636564781388952,1259
