phase,fit_window_start,fit_window_end,predict_window_start,predict_window_end,weight_method,fdm_max,weight_layer_ticker,stream_or_model_id,stream_weight,fdm_multiplier,mean_signal_correlation,mean_cluster_correlation,cluster_id,stream_instrument_ticker,stream_signal_timeframe,stream_source_model_name
Train,2000-01-01T00:00:00,2018-12-31T00:00:00,2000-01-01T00:00:00,2018-12-31T00:00:00,hierarchy_equal,2.0,__GLOBAL__,CL::D::regime_lrsi_signal_signal_D_exitBars_1_hlRangePeriod_64_hlSumPeriod_76_longThreshold_0.6767_mrAvgPeriod_29_mrPrankPeriod_56_regimeMaPeriod_78_shortThreshold_0.3233_stopLossTicks_0_strategyMode_long_short_tickSize_0.01::signed_signal_regime-lrsi-signal_d_exit-bars_1_hl-range-period_64_hl-sum-period_76_long-threshold_0-6767_mr-avg-period_29_mr-prank-period_56_regime-ma-period_78_short-threshold_0-3233_stop-loss-ticks_0_strategy-mode_long-short_tick-size_0-01__D::ensemble_3,0.09710247040120955,2.0,0.0904261273398683,0.0904261273398683,root/commodities/mean_reversion_gc/CL::D::regime_lrsi_signal_signal_D_exitBars_1_hlRangePeriod_64_hlSumPeriod_76_longThreshold_0.6767_mrAvgPeriod_29_mrPrankPeriod_56_regimeMaPeriod_78_shortThreshold_0.3233_stopLossTicks_0_strategyMode_long_short_tickSize_0.01::signed_signal_regime-lrsi-signal_d_exit-bars_1_hl-range-period_64_hl-sum-period_76_long-threshold_0-6767_mr-avg-period_29_mr-prank-period_56_regime-ma-period_78_short-threshold_0-3233_stop-loss-ticks_0_strategy-mode_long-short_tick-size_0-01__D::ensemble_3,CL,D,regime_lrsi_signal_signal_D_exitBars_1_hlRangePeriod_64_hlSumPeriod_76_longThreshold_0.6767_mrAvgPeriod_29_mrPrankPeriod_56_regimeMaPeriod_78_shortThreshold_0.3233_stopLossTicks_0_strategyMode_long_short_tickSize_0.01::signed_signal_regime-lrsi-signal_d_exit-bars_1_hl-range-period_64_hl-sum-period_76_long-threshold_0-6767_mr-avg-period_29_mr-prank-period_56_regime-ma-period_78_short-threshold_0-3233_stop-loss-ticks_0_strategy-mode_long-short_tick-size_0-01__D::ensemble_3
Train,2000-01-01T00:00:00,2018-12-31T00:00:00,2000-01-01T00:00:00,2018-12-31T00:00:00,hierarchy_equal,2.0,__GLOBAL__,ES::D::calendar_ensemble_signal_D_equityEntryOffset_-4_equityExitOffset_0_fomcEntryOffset_-2_fomcExitOffset_0_goldEntryOffset_-2_goldExitOffset_1::signed_signal_calendar-ensemble_d_equity-entry-offset_4_equity-exit-offset_0_fomc-entry-offset_2_fomc-exit-offset_0_gold-entry-offset_2_gold-exit-offset_1__D::ensemble_9,0.06159812613915125,2.0,0.0904261273398683,0.0904261273398683,root/equity_indices/seasonal/ES::D::calendar_ensemble_signal_D_equityEntryOffset_-4_equityExitOffset_0_fomcEntryOffset_-2_fomcExitOffset_0_goldEntryOffset_-2_goldExitOffset_1::signed_signal_calendar-ensemble_d_equity-entry-offset_4_equity-exit-offset_0_fomc-entry-offset_2_fomc-exit-offset_0_gold-entry-offset_2_gold-exit-offset_1__D::ensemble_9,ES,D,calendar_ensemble_signal_D_equityEntryOffset_-4_equityExitOffset_0_fomcEntryOffset_-2_fomcExitOffset_0_goldEntryOffset_-2_goldExitOffset_1::signed_signal_calendar-ensemble_d_equity-entry-offset_4_equity-exit-offset_0_fomc-entry-offset_2_fomc-exit-offset_0_gold-entry-offset_2_gold-exit-offset_1__D::ensemble_9
Train,2000-01-01T00:00:00,2018-12-31T00:00:00,2000-01-01T00:00:00,2018-12-31T00:00:00,hierarchy_equal,2.0,__GLOBAL__,ES::D::double7s_signal_D_maPeriod_200_shortPeriod_10::signed_signal_double7s_d_ma-period_200_short-period_10__D::ensemble_4,0.03685303711026348,2.0,0.0904261273398683,0.0904261273398683,root/equity_indices/mean_reversion_indices/ES::D::double7s_signal_D_maPeriod_200_shortPeriod_10::signed_signal_double7s_d_ma-period_200_short-period_10__D::ensemble_4,ES,D,double7s_signal_D_maPeriod_200_shortPeriod_10::signed_signal_double7s_d_ma-period_200_short-period_10__D::ensemble_4
Train,2000-01-01T00:00:00,2018-12-31T00:00:00,2000-01-01T00:00:00,2018-12-31T00:00:00,hierarchy_equal,2.0,__GLOBAL__,ES::D::rebalancing_flow_signal_D_continuationHold_5_crossTickers_TLT_decisionTradingDay_15_direction_long_eomLeadDays_3_flow_both::signed_signal_rebalancing-flow_d_continuation-hold_5_cross-tickers_tlt_decision-trading-day_15_direction_long_eom-lead-days_3_flow_both__D::ensemble_0,0.07168300043045991,2.0,0.0904261273398683,0.0904261273398683,root/equity_indices/es_tlt/ES::D::rebalancing_flow_signal_D_continuationHold_5_crossTickers_TLT_decisionTradingDay_15_direction_long_eomLeadDays_3_flow_both::signed_signal_rebalancing-flow_d_continuation-hold_5_cross-tickers_tlt_decision-trading-day_15_direction_long_eom-lead-days_3_flow_both__D::ensemble_0,ES,D,rebalancing_flow_signal_D_continuationHold_5_crossTickers_TLT_decisionTradingDay_15_direction_long_eomLeadDays_3_flow_both::signed_signal_rebalancing-flow_d_continuation-hold_5_cross-tickers_tlt_decision-trading-day_15_direction_long_eom-lead-days_3_flow_both__D::ensemble_0
Train,2000-01-01T00:00:00,2018-12-31T00:00:00,2000-01-01T00:00:00,2018-12-31T00:00:00,hierarchy_equal,2.0,__GLOBAL__,ES::D::rebalancing_flow_signal_D_continuationHold_5_crossTickers_TLT_decisionTradingDay_15_direction_long_short_eomLeadDays_3_flow_both::signed_signal_rebalancing-flow_d_continuation-hold_5_cross-tickers_tlt_decision-trading-day_15_direction_long-short_eom-lead-days_3_flow_both__D::ensemble_1,0.07168300043045991,2.0,0.0904261273398683,0.0904261273398683,root/equity_indices/es_tlt/ES::D::rebalancing_flow_signal_D_continuationHold_5_crossTickers_TLT_decisionTradingDay_15_direction_long_short_eomLeadDays_3_flow_both::signed_signal_rebalancing-flow_d_continuation-hold_5_cross-tickers_tlt_decision-trading-day_15_direction_long-short_eom-lead-days_3_flow_both__D::ensemble_1,ES,D,rebalancing_flow_signal_D_continuationHold_5_crossTickers_TLT_decisionTradingDay_15_direction_long_short_eomLeadDays_3_flow_both::signed_signal_rebalancing-flow_d_continuation-hold_5_cross-tickers_tlt_decision-trading-day_15_direction_long-short_eom-lead-days_3_flow_both__D::ensemble_1
Train,2000-01-01T00:00:00,2018-12-31T00:00:00,2000-01-01T00:00:00,2018-12-31T00:00:00,hierarchy_equal,2.0,__GLOBAL__,ES::D::sma_regime_signal_signal_D_period_252::signed_signal_sma-regime-signal_d_period_252__D::ensemble_8,0.0226083019419246,2.0,0.0904261273398683,0.0904261273398683,root/equity_indices/momentum/ES::D::sma_regime_signal_signal_D_period_252::signed_signal_sma-regime-signal_d_period_252__D::ensemble_8,ES,D,sma_regime_signal_signal_D_period_252::signed_signal_sma-regime-signal_d_period_252__D::ensemble_8
Train,2000-01-01T00:00:00,2018-12-31T00:00:00,2000-01-01T00:00:00,2018-12-31T00:00:00,hierarchy_equal,2.0,__GLOBAL__,ES::D::turnaroundtuesday_signal_D_mode_tue_wed::rule_based_3__D::ensemble_5,0.03637595055449922,2.0,0.0904261273398683,0.0904261273398683,root/equity_indices/mean_reversion_indices/ES::D::turnaroundtuesday_signal_D_mode_tue_wed::rule_based_3__D::ensemble_5,ES,D,turnaroundtuesday_signal_D_mode_tue_wed::rule_based_3__D::ensemble_5
Train,2000-01-01T00:00:00,2018-12-31T00:00:00,2000-01-01T00:00:00,2018-12-31T00:00:00,hierarchy_equal,2.0,__GLOBAL__,ES::M::buy_hold_signal_M::rule_based_3__M::ensemble_0,0.03981644442612765,2.0,0.0904261273398683,0.0904261273398683,root/equity_indices/buy_hold/ES::M::buy_hold_signal_M::rule_based_3__M::ensemble_0,ES,M,buy_hold_signal_M::rule_based_3__M::ensemble_0
Train,2000-01-01T00:00:00,2018-12-31T00:00:00,2000-01-01T00:00:00,2018-12-31T00:00:00,hierarchy_equal,2.0,__GLOBAL__,GC::D::calendar_ensemble_signal_D_equityEntryOffset_-4_equityExitOffset_0_fomcEntryOffset_-2_fomcExitOffset_0_goldEntryOffset_-2_goldExitOffset_1::signed_signal_calendar-ensemble_d_equity-entry-offset_4_equity-exit-offset_0_fomc-entry-offset_2_fomc-exit-offset_0_gold-entry-offset_2_gold-exit-offset_1__D::ensemble_9,0.09779013401499936,2.0,0.0904261273398683,0.0904261273398683,root/commodities/seasonal/GC::D::calendar_ensemble_signal_D_equityEntryOffset_-4_equityExitOffset_0_fomcEntryOffset_-2_fomcExitOffset_0_goldEntryOffset_-2_goldExitOffset_1::signed_signal_calendar-ensemble_d_equity-entry-offset_4_equity-exit-offset_0_fomc-entry-offset_2_fomc-exit-offset_0_gold-entry-offset_2_gold-exit-offset_1__D::ensemble_9,GC,D,calendar_ensemble_signal_D_equityEntryOffset_-4_equityExitOffset_0_fomcEntryOffset_-2_fomcExitOffset_0_goldEntryOffset_-2_goldExitOffset_1::signed_signal_calendar-ensemble_d_equity-entry-offset_4_equity-exit-offset_0_fomc-entry-offset_2_fomc-exit-offset_0_gold-entry-offset_2_gold-exit-offset_1__D::ensemble_9
Train,2000-01-01T00:00:00,2018-12-31T00:00:00,2000-01-01T00:00:00,2018-12-31T00:00:00,hierarchy_equal,2.0,__GLOBAL__,GC::D::robust_trend_breakout_signal_D_atrLen_14_atrMult_1.5_atrVolFilter_0_cooldownBars_0_emaPeriod_126_lookback_20::signed_signal_robust-trend-breakout_d_atr-len_14_atr-mult_1-5_atr-vol-filter_0_cooldown-bars_0_ema-period_126_lookback_20__D::ensemble_2,0.08942907715606965,2.0,0.0904261273398683,0.0904261273398683,root/commodities/gc_breakout/GC::D::robust_trend_breakout_signal_D_atrLen_14_atrMult_1.5_atrVolFilter_0_cooldownBars_0_emaPeriod_126_lookback_20::signed_signal_robust-trend-breakout_d_atr-len_14_atr-mult_1-5_atr-vol-filter_0_cooldown-bars_0_ema-period_126_lookback_20__D::ensemble_2,GC,D,robust_trend_breakout_signal_D_atrLen_14_atrMult_1.5_atrVolFilter_0_cooldownBars_0_emaPeriod_126_lookback_20::signed_signal_robust-trend-breakout_d_atr-len_14_atr-mult_1-5_atr-vol-filter_0_cooldown-bars_0_ema-period_126_lookback_20__D::ensemble_2
Train,2000-01-01T00:00:00,2018-12-31T00:00:00,2000-01-01T00:00:00,2018-12-31T00:00:00,hierarchy_equal,2.0,__GLOBAL__,GC::D::sma_regime_signal_signal_D_period_252::signed_signal_sma-regime-signal_d_period_252__D::ensemble_8,0.027782978667867473,2.0,0.0904261273398683,0.0904261273398683,root/commodities/momentum/GC::D::sma_regime_signal_signal_D_period_252::signed_signal_sma-regime-signal_d_period_252__D::ensemble_8,GC,D,sma_regime_signal_signal_D_period_252::signed_signal_sma-regime-signal_d_period_252__D::ensemble_8
Train,2000-01-01T00:00:00,2018-12-31T00:00:00,2000-01-01T00:00:00,2018-12-31T00:00:00,hierarchy_equal,2.0,__GLOBAL__,GC::M::buy_hold_signal_M::rule_based_3__M::ensemble_0,0.08966835607822124,2.0,0.0904261273398683,0.0904261273398683,root/commodities/buy_hold/GC::M::buy_hold_signal_M::rule_based_3__M::ensemble_0,GC,M,buy_hold_signal_M::rule_based_3__M::ensemble_0
Train,2000-01-01T00:00:00,2018-12-31T00:00:00,2000-01-01T00:00:00,2018-12-31T00:00:00,hierarchy_equal,2.0,__GLOBAL__,NQ::D::algomatic_momentum_signal_signal_D_exitBars_5_momentumLookback_10_rsiMax_90.0_rsiPeriod_2::signed_signal_algomatic-momentum-signal_d_exit-bars_5_momentum-lookback_10_rsi-max_90-0_rsi-period_2__D::ensemble_7,0.08960200420862532,2.0,0.0904261273398683,0.0904261273398683,root/equity_indices/momentum/NQ::D::algomatic_momentum_signal_signal_D_exitBars_5_momentumLookback_10_rsiMax_90.0_rsiPeriod_2::signed_signal_algomatic-momentum-signal_d_exit-bars_5_momentum-lookback_10_rsi-max_90-0_rsi-period_2__D::ensemble_7,NQ,D,algomatic_momentum_signal_signal_D_exitBars_5_momentumLookback_10_rsiMax_90.0_rsiPeriod_2::signed_signal_algomatic-momentum-signal_d_exit-bars_5_momentum-lookback_10_rsi-max_90-0_rsi-period_2__D::ensemble_7
Train,2000-01-01T00:00:00,2018-12-31T00:00:00,2000-01-01T00:00:00,2018-12-31T00:00:00,hierarchy_equal,2.0,__GLOBAL__,NQ::D::double7s_signal_D_maPeriod_200_shortPeriod_10::signed_signal_double7s_d_ma-period_200_short-period_10__D::ensemble_4,0.03478431963652899,2.0,0.0904261273398683,0.0904261273398683,root/equity_indices/mean_reversion_indices/NQ::D::double7s_signal_D_maPeriod_200_shortPeriod_10::signed_signal_double7s_d_ma-period_200_short-period_10__D::ensemble_4,NQ,D,double7s_signal_D_maPeriod_200_shortPeriod_10::signed_signal_double7s_d_ma-period_200_short-period_10__D::ensemble_4
Train,2000-01-01T00:00:00,2018-12-31T00:00:00,2000-01-01T00:00:00,2018-12-31T00:00:00,hierarchy_equal,2.0,__GLOBAL__,NQ::D::ibs_lower_band_signal_D_bandHighLookback_10_bandWidthMult_2.5_hlMeanLookback_25_ibsEntryMax_0.3::signed_signal_ibs-lower-band_d_band-high-lookback_10_band-width-mult_2-5_hl-mean-lookback_25_ibs-entry-max_0-3__D::ensemble_6,0.036654813629827795,2.0,0.0904261273398683,0.0904261273398683,root/equity_indices/mean_reversion_indices/NQ::D::ibs_lower_band_signal_D_bandHighLookback_10_bandWidthMult_2.5_hlMeanLookback_25_ibsEntryMax_0.3::signed_signal_ibs-lower-band_d_band-high-lookback_10_band-width-mult_2-5_hl-mean-lookback_25_ibs-entry-max_0-3__D::ensemble_6,NQ,D,ibs_lower_band_signal_D_bandHighLookback_10_bandWidthMult_2.5_hlMeanLookback_25_ibsEntryMax_0.3::signed_signal_ibs-lower-band_d_band-high-lookback_10_band-width-mult_2-5_hl-mean-lookback_25_ibs-entry-max_0-3__D::ensemble_6
Train,2000-01-01T00:00:00,2018-12-31T00:00:00,2000-01-01T00:00:00,2018-12-31T00:00:00,hierarchy_equal,2.0,__GLOBAL__,NQ::D::sma_regime_signal_signal_D_period_252::signed_signal_sma-regime-signal_d_period_252__D::ensemble_8,0.02162352798037581,2.0,0.0904261273398683,0.0904261273398683,root/equity_indices/momentum/NQ::D::sma_regime_signal_signal_D_period_252::signed_signal_sma-regime-signal_d_period_252__D::ensemble_8,NQ,D,sma_regime_signal_signal_D_period_252::signed_signal_sma-regime-signal_d_period_252__D::ensemble_8
Train,2000-01-01T00:00:00,2018-12-31T00:00:00,2000-01-01T00:00:00,2018-12-31T00:00:00,hierarchy_equal,2.0,__GLOBAL__,NQ::D::turnaroundtuesday_signal_D_mode_tue_wed::rule_based_3__D::ensemble_5,0.035128012767261185,2.0,0.0904261273398683,0.0904261273398683,root/equity_indices/mean_reversion_indices/NQ::D::turnaroundtuesday_signal_D_mode_tue_wed::rule_based_3__D::ensemble_5,NQ,D,turnaroundtuesday_signal_D_mode_tue_wed::rule_based_3__D::ensemble_5
Train,2000-01-01T00:00:00,2018-12-31T00:00:00,2000-01-01T00:00:00,2018-12-31T00:00:00,hierarchy_equal,2.0,__GLOBAL__,NQ::M::buy_hold_signal_M::rule_based_3__M::ensemble_0,0.03981644442612765,2.0,0.0904261273398683,0.0904261273398683,root/equity_indices/buy_hold/NQ::M::buy_hold_signal_M::rule_based_3__M::ensemble_0,NQ,M,buy_hold_signal_M::rule_based_3__M::ensemble_0
Validation,2000-01-01T00:00:00,2018-12-31T00:00:00,2019-01-01T00:00:00,2022-12-31T00:00:00,hierarchy_equal,2.0,__GLOBAL__,CL::D::regime_lrsi_signal_signal_D_exitBars_1_hlRangePeriod_64_hlSumPeriod_76_longThreshold_0.6767_mrAvgPeriod_29_mrPrankPeriod_56_regimeMaPeriod_78_shortThreshold_0.3233_stopLossTicks_0_strategyMode_long_short_tickSize_0.01::signed_signal_regime-lrsi-signal_d_exit-bars_1_hl-range-period_64_hl-sum-period_76_long-threshold_0-6767_mr-avg-period_29_mr-prank-period_56_regime-ma-period_78_short-threshold_0-3233_stop-loss-ticks_0_strategy-mode_long-short_tick-size_0-01__D::ensemble_3,0.09710247040120955,2.0,0.0904261273398683,0.0904261273398683,root/commodities/mean_reversion_gc/CL::D::regime_lrsi_signal_signal_D_exitBars_1_hlRangePeriod_64_hlSumPeriod_76_longThreshold_0.6767_mrAvgPeriod_29_mrPrankPeriod_56_regimeMaPeriod_78_shortThreshold_0.3233_stopLossTicks_0_strategyMode_long_short_tickSize_0.01::signed_signal_regime-lrsi-signal_d_exit-bars_1_hl-range-period_64_hl-sum-period_76_long-threshold_0-6767_mr-avg-period_29_mr-prank-period_56_regime-ma-period_78_short-threshold_0-3233_stop-loss-ticks_0_strategy-mode_long-short_tick-size_0-01__D::ensemble_3,CL,D,regime_lrsi_signal_signal_D_exitBars_1_hlRangePeriod_64_hlSumPeriod_76_longThreshold_0.6767_mrAvgPeriod_29_mrPrankPeriod_56_regimeMaPeriod_78_shortThreshold_0.3233_stopLossTicks_0_strategyMode_long_short_tickSize_0.01::signed_signal_regime-lrsi-signal_d_exit-bars_1_hl-range-period_64_hl-sum-period_76_long-threshold_0-6767_mr-avg-period_29_mr-prank-period_56_regime-ma-period_78_short-threshold_0-3233_stop-loss-ticks_0_strategy-mode_long-short_tick-size_0-01__D::ensemble_3
Validation,2000-01-01T00:00:00,2018-12-31T00:00:00,2019-01-01T00:00:00,2022-12-31T00:00:00,hierarchy_equal,2.0,__GLOBAL__,ES::D::calendar_ensemble_signal_D_equityEntryOffset_-4_equityExitOffset_0_fomcEntryOffset_-2_fomcExitOffset_0_goldEntryOffset_-2_goldExitOffset_1::signed_signal_calendar-ensemble_d_equity-entry-offset_4_equity-exit-offset_0_fomc-entry-offset_2_fomc-exit-offset_0_gold-entry-offset_2_gold-exit-offset_1__D::ensemble_9,0.06159812613915125,2.0,0.0904261273398683,0.0904261273398683,root/equity_indices/seasonal/ES::D::calendar_ensemble_signal_D_equityEntryOffset_-4_equityExitOffset_0_fomcEntryOffset_-2_fomcExitOffset_0_goldEntryOffset_-2_goldExitOffset_1::signed_signal_calendar-ensemble_d_equity-entry-offset_4_equity-exit-offset_0_fomc-entry-offset_2_fomc-exit-offset_0_gold-entry-offset_2_gold-exit-offset_1__D::ensemble_9,ES,D,calendar_ensemble_signal_D_equityEntryOffset_-4_equityExitOffset_0_fomcEntryOffset_-2_fomcExitOffset_0_goldEntryOffset_-2_goldExitOffset_1::signed_signal_calendar-ensemble_d_equity-entry-offset_4_equity-exit-offset_0_fomc-entry-offset_2_fomc-exit-offset_0_gold-entry-offset_2_gold-exit-offset_1__D::ensemble_9
Validation,2000-01-01T00:00:00,2018-12-31T00:00:00,2019-01-01T00:00:00,2022-12-31T00:00:00,hierarchy_equal,2.0,__GLOBAL__,ES::D::double7s_signal_D_maPeriod_200_shortPeriod_10::signed_signal_double7s_d_ma-period_200_short-period_10__D::ensemble_4,0.03685303711026348,2.0,0.0904261273398683,0.0904261273398683,root/equity_indices/mean_reversion_indices/ES::D::double7s_signal_D_maPeriod_200_shortPeriod_10::signed_signal_double7s_d_ma-period_200_short-period_10__D::ensemble_4,ES,D,double7s_signal_D_maPeriod_200_shortPeriod_10::signed_signal_double7s_d_ma-period_200_short-period_10__D::ensemble_4
Validation,2000-01-01T00:00:00,2018-12-31T00:00:00,2019-01-01T00:00:00,2022-12-31T00:00:00,hierarchy_equal,2.0,__GLOBAL__,ES::D::rebalancing_flow_signal_D_continuationHold_5_crossTickers_TLT_decisionTradingDay_15_direction_long_eomLeadDays_3_flow_both::signed_signal_rebalancing-flow_d_continuation-hold_5_cross-tickers_tlt_decision-trading-day_15_direction_long_eom-lead-days_3_flow_both__D::ensemble_0,0.07168300043045991,2.0,0.0904261273398683,0.0904261273398683,root/equity_indices/es_tlt/ES::D::rebalancing_flow_signal_D_continuationHold_5_crossTickers_TLT_decisionTradingDay_15_direction_long_eomLeadDays_3_flow_both::signed_signal_rebalancing-flow_d_continuation-hold_5_cross-tickers_tlt_decision-trading-day_15_direction_long_eom-lead-days_3_flow_both__D::ensemble_0,ES,D,rebalancing_flow_signal_D_continuationHold_5_crossTickers_TLT_decisionTradingDay_15_direction_long_eomLeadDays_3_flow_both::signed_signal_rebalancing-flow_d_continuation-hold_5_cross-tickers_tlt_decision-trading-day_15_direction_long_eom-lead-days_3_flow_both__D::ensemble_0
Validation,2000-01-01T00:00:00,2018-12-31T00:00:00,2019-01-01T00:00:00,2022-12-31T00:00:00,hierarchy_equal,2.0,__GLOBAL__,ES::D::rebalancing_flow_signal_D_continuationHold_5_crossTickers_TLT_decisionTradingDay_15_direction_long_short_eomLeadDays_3_flow_both::signed_signal_rebalancing-flow_d_continuation-hold_5_cross-tickers_tlt_decision-trading-day_15_direction_long-short_eom-lead-days_3_flow_both__D::ensemble_1,0.07168300043045991,2.0,0.0904261273398683,0.0904261273398683,root/equity_indices/es_tlt/ES::D::rebalancing_flow_signal_D_continuationHold_5_crossTickers_TLT_decisionTradingDay_15_direction_long_short_eomLeadDays_3_flow_both::signed_signal_rebalancing-flow_d_continuation-hold_5_cross-tickers_tlt_decision-trading-day_15_direction_long-short_eom-lead-days_3_flow_both__D::ensemble_1,ES,D,rebalancing_flow_signal_D_continuationHold_5_crossTickers_TLT_decisionTradingDay_15_direction_long_short_eomLeadDays_3_flow_both::signed_signal_rebalancing-flow_d_continuation-hold_5_cross-tickers_tlt_decision-trading-day_15_direction_long-short_eom-lead-days_3_flow_both__D::ensemble_1
Validation,2000-01-01T00:00:00,2018-12-31T00:00:00,2019-01-01T00:00:00,2022-12-31T00:00:00,hierarchy_equal,2.0,__GLOBAL__,ES::D::sma_regime_signal_signal_D_period_252::signed_signal_sma-regime-signal_d_period_252__D::ensemble_8,0.0226083019419246,2.0,0.0904261273398683,0.0904261273398683,root/equity_indices/momentum/ES::D::sma_regime_signal_signal_D_period_252::signed_signal_sma-regime-signal_d_period_252__D::ensemble_8,ES,D,sma_regime_signal_signal_D_period_252::signed_signal_sma-regime-signal_d_period_252__D::ensemble_8
Validation,2000-01-01T00:00:00,2018-12-31T00:00:00,2019-01-01T00:00:00,2022-12-31T00:00:00,hierarchy_equal,2.0,__GLOBAL__,ES::D::turnaroundtuesday_signal_D_mode_tue_wed::rule_based_3__D::ensemble_5,0.03637595055449922,2.0,0.0904261273398683,0.0904261273398683,root/equity_indices/mean_reversion_indices/ES::D::turnaroundtuesday_signal_D_mode_tue_wed::rule_based_3__D::ensemble_5,ES,D,turnaroundtuesday_signal_D_mode_tue_wed::rule_based_3__D::ensemble_5
Validation,2000-01-01T00:00:00,2018-12-31T00:00:00,2019-01-01T00:00:00,2022-12-31T00:00:00,hierarchy_equal,2.0,__GLOBAL__,ES::M::buy_hold_signal_M::rule_based_3__M::ensemble_0,0.03981644442612765,2.0,0.0904261273398683,0.0904261273398683,root/equity_indices/buy_hold/ES::M::buy_hold_signal_M::rule_based_3__M::ensemble_0,ES,M,buy_hold_signal_M::rule_based_3__M::ensemble_0
Validation,2000-01-01T00:00:00,2018-12-31T00:00:00,2019-01-01T00:00:00,2022-12-31T00:00:00,hierarchy_equal,2.0,__GLOBAL__,GC::D::calendar_ensemble_signal_D_equityEntryOffset_-4_equityExitOffset_0_fomcEntryOffset_-2_fomcExitOffset_0_goldEntryOffset_-2_goldExitOffset_1::signed_signal_calendar-ensemble_d_equity-entry-offset_4_equity-exit-offset_0_fomc-entry-offset_2_fomc-exit-offset_0_gold-entry-offset_2_gold-exit-offset_1__D::ensemble_9,0.09779013401499936,2.0,0.0904261273398683,0.0904261273398683,root/commodities/seasonal/GC::D::calendar_ensemble_signal_D_equityEntryOffset_-4_equityExitOffset_0_fomcEntryOffset_-2_fomcExitOffset_0_goldEntryOffset_-2_goldExitOffset_1::signed_signal_calendar-ensemble_d_equity-entry-offset_4_equity-exit-offset_0_fomc-entry-offset_2_fomc-exit-offset_0_gold-entry-offset_2_gold-exit-offset_1__D::ensemble_9,GC,D,calendar_ensemble_signal_D_equityEntryOffset_-4_equityExitOffset_0_fomcEntryOffset_-2_fomcExitOffset_0_goldEntryOffset_-2_goldExitOffset_1::signed_signal_calendar-ensemble_d_equity-entry-offset_4_equity-exit-offset_0_fomc-entry-offset_2_fomc-exit-offset_0_gold-entry-offset_2_gold-exit-offset_1__D::ensemble_9
Validation,2000-01-01T00:00:00,2018-12-31T00:00:00,2019-01-01T00:00:00,2022-12-31T00:00:00,hierarchy_equal,2.0,__GLOBAL__,GC::D::robust_trend_breakout_signal_D_atrLen_14_atrMult_1.5_atrVolFilter_0_cooldownBars_0_emaPeriod_126_lookback_20::signed_signal_robust-trend-breakout_d_atr-len_14_atr-mult_1-5_atr-vol-filter_0_cooldown-bars_0_ema-period_126_lookback_20__D::ensemble_2,0.08942907715606965,2.0,0.0904261273398683,0.0904261273398683,root/commodities/gc_breakout/GC::D::robust_trend_breakout_signal_D_atrLen_14_atrMult_1.5_atrVolFilter_0_cooldownBars_0_emaPeriod_126_lookback_20::signed_signal_robust-trend-breakout_d_atr-len_14_atr-mult_1-5_atr-vol-filter_0_cooldown-bars_0_ema-period_126_lookback_20__D::ensemble_2,GC,D,robust_trend_breakout_signal_D_atrLen_14_atrMult_1.5_atrVolFilter_0_cooldownBars_0_emaPeriod_126_lookback_20::signed_signal_robust-trend-breakout_d_atr-len_14_atr-mult_1-5_atr-vol-filter_0_cooldown-bars_0_ema-period_126_lookback_20__D::ensemble_2
Validation,2000-01-01T00:00:00,2018-12-31T00:00:00,2019-01-01T00:00:00,2022-12-31T00:00:00,hierarchy_equal,2.0,__GLOBAL__,GC::D::sma_regime_signal_signal_D_period_252::signed_signal_sma-regime-signal_d_period_252__D::ensemble_8,0.027782978667867473,2.0,0.0904261273398683,0.0904261273398683,root/commodities/momentum/GC::D::sma_regime_signal_signal_D_period_252::signed_signal_sma-regime-signal_d_period_252__D::ensemble_8,GC,D,sma_regime_signal_signal_D_period_252::signed_signal_sma-regime-signal_d_period_252__D::ensemble_8
Validation,2000-01-01T00:00:00,2018-12-31T00:00:00,2019-01-01T00:00:00,2022-12-31T00:00:00,hierarchy_equal,2.0,__GLOBAL__,GC::M::buy_hold_signal_M::rule_based_3__M::ensemble_0,0.08966835607822124,2.0,0.0904261273398683,0.0904261273398683,root/commodities/buy_hold/GC::M::buy_hold_signal_M::rule_based_3__M::ensemble_0,GC,M,buy_hold_signal_M::rule_based_3__M::ensemble_0
Validation,2000-01-01T00:00:00,2018-12-31T00:00:00,2019-01-01T00:00:00,2022-12-31T00:00:00,hierarchy_equal,2.0,__GLOBAL__,NQ::D::algomatic_momentum_signal_signal_D_exitBars_5_momentumLookback_10_rsiMax_90.0_rsiPeriod_2::signed_signal_algomatic-momentum-signal_d_exit-bars_5_momentum-lookback_10_rsi-max_90-0_rsi-period_2__D::ensemble_7,0.08960200420862532,2.0,0.0904261273398683,0.0904261273398683,root/equity_indices/momentum/NQ::D::algomatic_momentum_signal_signal_D_exitBars_5_momentumLookback_10_rsiMax_90.0_rsiPeriod_2::signed_signal_algomatic-momentum-signal_d_exit-bars_5_momentum-lookback_10_rsi-max_90-0_rsi-period_2__D::ensemble_7,NQ,D,algomatic_momentum_signal_signal_D_exitBars_5_momentumLookback_10_rsiMax_90.0_rsiPeriod_2::signed_signal_algomatic-momentum-signal_d_exit-bars_5_momentum-lookback_10_rsi-max_90-0_rsi-period_2__D::ensemble_7
Validation,2000-01-01T00:00:00,2018-12-31T00:00:00,2019-01-01T00:00:00,2022-12-31T00:00:00,hierarchy_equal,2.0,__GLOBAL__,NQ::D::double7s_signal_D_maPeriod_200_shortPeriod_10::signed_signal_double7s_d_ma-period_200_short-period_10__D::ensemble_4,0.03478431963652899,2.0,0.0904261273398683,0.0904261273398683,root/equity_indices/mean_reversion_indices/NQ::D::double7s_signal_D_maPeriod_200_shortPeriod_10::signed_signal_double7s_d_ma-period_200_short-period_10__D::ensemble_4,NQ,D,double7s_signal_D_maPeriod_200_shortPeriod_10::signed_signal_double7s_d_ma-period_200_short-period_10__D::ensemble_4
Validation,2000-01-01T00:00:00,2018-12-31T00:00:00,2019-01-01T00:00:00,2022-12-31T00:00:00,hierarchy_equal,2.0,__GLOBAL__,NQ::D::ibs_lower_band_signal_D_bandHighLookback_10_bandWidthMult_2.5_hlMeanLookback_25_ibsEntryMax_0.3::signed_signal_ibs-lower-band_d_band-high-lookback_10_band-width-mult_2-5_hl-mean-lookback_25_ibs-entry-max_0-3__D::ensemble_6,0.036654813629827795,2.0,0.0904261273398683,0.0904261273398683,root/equity_indices/mean_reversion_indices/NQ::D::ibs_lower_band_signal_D_bandHighLookback_10_bandWidthMult_2.5_hlMeanLookback_25_ibsEntryMax_0.3::signed_signal_ibs-lower-band_d_band-high-lookback_10_band-width-mult_2-5_hl-mean-lookback_25_ibs-entry-max_0-3__D::ensemble_6,NQ,D,ibs_lower_band_signal_D_bandHighLookback_10_bandWidthMult_2.5_hlMeanLookback_25_ibsEntryMax_0.3::signed_signal_ibs-lower-band_d_band-high-lookback_10_band-width-mult_2-5_hl-mean-lookback_25_ibs-entry-max_0-3__D::ensemble_6
Validation,2000-01-01T00:00:00,2018-12-31T00:00:00,2019-01-01T00:00:00,2022-12-31T00:00:00,hierarchy_equal,2.0,__GLOBAL__,NQ::D::sma_regime_signal_signal_D_period_252::signed_signal_sma-regime-signal_d_period_252__D::ensemble_8,0.02162352798037581,2.0,0.0904261273398683,0.0904261273398683,root/equity_indices/momentum/NQ::D::sma_regime_signal_signal_D_period_252::signed_signal_sma-regime-signal_d_period_252__D::ensemble_8,NQ,D,sma_regime_signal_signal_D_period_252::signed_signal_sma-regime-signal_d_period_252__D::ensemble_8
Validation,2000-01-01T00:00:00,2018-12-31T00:00:00,2019-01-01T00:00:00,2022-12-31T00:00:00,hierarchy_equal,2.0,__GLOBAL__,NQ::D::turnaroundtuesday_signal_D_mode_tue_wed::rule_based_3__D::ensemble_5,0.035128012767261185,2.0,0.0904261273398683,0.0904261273398683,root/equity_indices/mean_reversion_indices/NQ::D::turnaroundtuesday_signal_D_mode_tue_wed::rule_based_3__D::ensemble_5,NQ,D,turnaroundtuesday_signal_D_mode_tue_wed::rule_based_3__D::ensemble_5
Validation,2000-01-01T00:00:00,2018-12-31T00:00:00,2019-01-01T00:00:00,2022-12-31T00:00:00,hierarchy_equal,2.0,__GLOBAL__,NQ::M::buy_hold_signal_M::rule_based_3__M::ensemble_0,0.03981644442612765,2.0,0.0904261273398683,0.0904261273398683,root/equity_indices/buy_hold/NQ::M::buy_hold_signal_M::rule_based_3__M::ensemble_0,NQ,M,buy_hold_signal_M::rule_based_3__M::ensemble_0
Test,2000-01-01T00:00:00,2022-12-31T00:00:00,2023-01-01T00:00:00,2026-05-13T00:00:00,hierarchy_equal,2.0,__GLOBAL__,CL::D::regime_lrsi_signal_signal_D_exitBars_1_hlRangePeriod_64_hlSumPeriod_76_longThreshold_0.6767_mrAvgPeriod_29_mrPrankPeriod_56_regimeMaPeriod_78_shortThreshold_0.3233_stopLossTicks_0_strategyMode_long_short_tickSize_0.01::signed_signal_regime-lrsi-signal_d_exit-bars_1_hl-range-period_64_hl-sum-period_76_long-threshold_0-6767_mr-avg-period_29_mr-prank-period_56_regime-ma-period_78_short-threshold_0-3233_stop-loss-ticks_0_strategy-mode_long-short_tick-size_0-01__D::ensemble_3,0.11550771325285408,2.0,0.0927139992788116,0.0927139992788116,root/commodities/mean_reversion_gc/CL::D::regime_lrsi_signal_signal_D_exitBars_1_hlRangePeriod_64_hlSumPeriod_76_longThreshold_0.6767_mrAvgPeriod_29_mrPrankPeriod_56_regimeMaPeriod_78_shortThreshold_0.3233_stopLossTicks_0_strategyMode_long_short_tickSize_0.01::signed_signal_regime-lrsi-signal_d_exit-bars_1_hl-range-period_64_hl-sum-period_76_long-threshold_0-6767_mr-avg-period_29_mr-prank-period_56_regime-ma-period_78_short-threshold_0-3233_stop-loss-ticks_0_strategy-mode_long-short_tick-size_0-01__D::ensemble_3,CL,D,regime_lrsi_signal_signal_D_exitBars_1_hlRangePeriod_64_hlSumPeriod_76_longThreshold_0.6767_mrAvgPeriod_29_mrPrankPeriod_56_regimeMaPeriod_78_shortThreshold_0.3233_stopLossTicks_0_strategyMode_long_short_tickSize_0.01::signed_signal_regime-lrsi-signal_d_exit-bars_1_hl-range-period_64_hl-sum-period_76_long-threshold_0-6767_mr-avg-period_29_mr-prank-period_56_regime-ma-period_78_short-threshold_0-3233_stop-loss-ticks_0_strategy-mode_long-short_tick-size_0-01__D::ensemble_3
Test,2000-01-01T00:00:00,2022-12-31T00:00:00,2023-01-01T00:00:00,2026-05-13T00:00:00,hierarchy_equal,2.0,__GLOBAL__,ES::D::calendar_ensemble_signal_D_equityEntryOffset_-4_equityExitOffset_0_fomcEntryOffset_-2_fomcExitOffset_0_goldEntryOffset_-2_goldExitOffset_1::signed_signal_calendar-ensemble_d_equity-entry-offset_4_equity-exit-offset_0_fomc-entry-offset_2_fomc-exit-offset_0_gold-entry-offset_2_gold-exit-offset_1__D::ensemble_9,0.06508968962460891,2.0,0.0927139992788116,0.0927139992788116,root/equity_indices/seasonal/ES::D::calendar_ensemble_signal_D_equityEntryOffset_-4_equityExitOffset_0_fomcEntryOffset_-2_fomcExitOffset_0_goldEntryOffset_-2_goldExitOffset_1::signed_signal_calendar-ensemble_d_equity-entry-offset_4_equity-exit-offset_0_fomc-entry-offset_2_fomc-exit-offset_0_gold-entry-offset_2_gold-exit-offset_1__D::ensemble_9,ES,D,calendar_ensemble_signal_D_equityEntryOffset_-4_equityExitOffset_0_fomcEntryOffset_-2_fomcExitOffset_0_goldEntryOffset_-2_goldExitOffset_1::signed_signal_calendar-ensemble_d_equity-entry-offset_4_equity-exit-offset_0_fomc-entry-offset_2_fomc-exit-offset_0_gold-entry-offset_2_gold-exit-offset_1__D::ensemble_9
Test,2000-01-01T00:00:00,2022-12-31T00:00:00,2023-01-01T00:00:00,2026-05-13T00:00:00,hierarchy_equal,2.0,__GLOBAL__,ES::D::double7s_signal_D_maPeriod_200_shortPeriod_10::signed_signal_double7s_d_ma-period_200_short-period_10__D::ensemble_4,0.03401000271254811,2.0,0.0927139992788116,0.0927139992788116,root/equity_indices/mean_reversion_indices/ES::D::double7s_signal_D_maPeriod_200_shortPeriod_10::signed_signal_double7s_d_ma-period_200_short-period_10__D::ensemble_4,ES,D,double7s_signal_D_maPeriod_200_shortPeriod_10::signed_signal_double7s_d_ma-period_200_short-period_10__D::ensemble_4
Test,2000-01-01T00:00:00,2022-12-31T00:00:00,2023-01-01T00:00:00,2026-05-13T00:00:00,hierarchy_equal,2.0,__GLOBAL__,ES::D::rebalancing_flow_signal_D_continuationHold_5_crossTickers_TLT_decisionTradingDay_15_direction_long_eomLeadDays_3_flow_both::signed_signal_rebalancing-flow_d_continuation-hold_5_cross-tickers_tlt_decision-trading-day_15_direction_long_eom-lead-days_3_flow_both__D::ensemble_0,0.06273728686640612,2.0,0.0927139992788116,0.0927139992788116,root/equity_indices/es_tlt/ES::D::rebalancing_flow_signal_D_continuationHold_5_crossTickers_TLT_decisionTradingDay_15_direction_long_eomLeadDays_3_flow_both::signed_signal_rebalancing-flow_d_continuation-hold_5_cross-tickers_tlt_decision-trading-day_15_direction_long_eom-lead-days_3_flow_both__D::ensemble_0,ES,D,rebalancing_flow_signal_D_continuationHold_5_crossTickers_TLT_decisionTradingDay_15_direction_long_eomLeadDays_3_flow_both::signed_signal_rebalancing-flow_d_continuation-hold_5_cross-tickers_tlt_decision-trading-day_15_direction_long_eom-lead-days_3_flow_both__D::ensemble_0
Test,2000-01-01T00:00:00,2022-12-31T00:00:00,2023-01-01T00:00:00,2026-05-13T00:00:00,hierarchy_equal,2.0,__GLOBAL__,ES::D::rebalancing_flow_signal_D_continuationHold_5_crossTickers_TLT_decisionTradingDay_15_direction_long_short_eomLeadDays_3_flow_both::signed_signal_rebalancing-flow_d_continuation-hold_5_cross-tickers_tlt_decision-trading-day_15_direction_long-short_eom-lead-days_3_flow_both__D::ensemble_1,0.06273728686640612,2.0,0.0927139992788116,0.0927139992788116,root/equity_indices/es_tlt/ES::D::rebalancing_flow_signal_D_continuationHold_5_crossTickers_TLT_decisionTradingDay_15_direction_long_short_eomLeadDays_3_flow_both::signed_signal_rebalancing-flow_d_continuation-hold_5_cross-tickers_tlt_decision-trading-day_15_direction_long-short_eom-lead-days_3_flow_both__D::ensemble_1,ES,D,rebalancing_flow_signal_D_continuationHold_5_crossTickers_TLT_decisionTradingDay_15_direction_long_short_eomLeadDays_3_flow_both::signed_signal_rebalancing-flow_d_continuation-hold_5_cross-tickers_tlt_decision-trading-day_15_direction_long-short_eom-lead-days_3_flow_both__D::ensemble_1
Test,2000-01-01T00:00:00,2022-12-31T00:00:00,2023-01-01T00:00:00,2026-05-13T00:00:00,hierarchy_equal,2.0,__GLOBAL__,ES::D::sma_regime_signal_signal_D_period_252::signed_signal_sma-regime-signal_d_period_252__D::ensemble_8,0.020569426620333214,2.0,0.0927139992788116,0.0927139992788116,root/equity_indices/momentum/ES::D::sma_regime_signal_signal_D_period_252::signed_signal_sma-regime-signal_d_period_252__D::ensemble_8,ES,D,sma_regime_signal_signal_D_period_252::signed_signal_sma-regime-signal_d_period_252__D::ensemble_8
Test,2000-01-01T00:00:00,2022-12-31T00:00:00,2023-01-01T00:00:00,2026-05-13T00:00:00,hierarchy_equal,2.0,__GLOBAL__,ES::D::turnaroundtuesday_signal_D_mode_tue_wed::rule_based_3__D::ensemble_5,0.034298960881527965,2.0,0.0927139992788116,0.0927139992788116,root/equity_indices/mean_reversion_indices/ES::D::turnaroundtuesday_signal_D_mode_tue_wed::rule_based_3__D::ensemble_5,ES,D,turnaroundtuesday_signal_D_mode_tue_wed::rule_based_3__D::ensemble_5
Test,2000-01-01T00:00:00,2022-12-31T00:00:00,2023-01-01T00:00:00,2026-05-13T00:00:00,hierarchy_equal,2.0,__GLOBAL__,ES::M::buy_hold_signal_M::rule_based_3__M::ensemble_0,0.04355081553788665,2.0,0.0927139992788116,0.0927139992788116,root/equity_indices/buy_hold/ES::M::buy_hold_signal_M::rule_based_3__M::ensemble_0,ES,M,buy_hold_signal_M::rule_based_3__M::ensemble_0
Test,2000-01-01T00:00:00,2022-12-31T00:00:00,2023-01-01T00:00:00,2026-05-13T00:00:00,hierarchy_equal,2.0,__GLOBAL__,GC::D::calendar_ensemble_signal_D_equityEntryOffset_-4_equityExitOffset_0_fomcEntryOffset_-2_fomcExitOffset_0_goldEntryOffset_-2_goldExitOffset_1::signed_signal_calendar-ensemble_d_equity-entry-offset_4_equity-exit-offset_0_fomc-entry-offset_2_fomc-exit-offset_0_gold-entry-offset_2_gold-exit-offset_1__D::ensemble_9,0.1107262905173191,2.0,0.0927139992788116,0.0927139992788116,root/commodities/seasonal/GC::D::calendar_ensemble_signal_D_equityEntryOffset_-4_equityExitOffset_0_fomcEntryOffset_-2_fomcExitOffset_0_goldEntryOffset_-2_goldExitOffset_1::signed_signal_calendar-ensemble_d_equity-entry-offset_4_equity-exit-offset_0_fomc-entry-offset_2_fomc-exit-offset_0_gold-entry-offset_2_gold-exit-offset_1__D::ensemble_9,GC,D,calendar_ensemble_signal_D_equityEntryOffset_-4_equityExitOffset_0_fomcEntryOffset_-2_fomcExitOffset_0_goldEntryOffset_-2_goldExitOffset_1::signed_signal_calendar-ensemble_d_equity-entry-offset_4_equity-exit-offset_0_fomc-entry-offset_2_fomc-exit-offset_0_gold-entry-offset_2_gold-exit-offset_1__D::ensemble_9
Test,2000-01-01T00:00:00,2022-12-31T00:00:00,2023-01-01T00:00:00,2026-05-13T00:00:00,hierarchy_equal,2.0,__GLOBAL__,GC::D::robust_trend_breakout_signal_D_atrLen_14_atrMult_1.5_atrVolFilter_0_cooldownBars_0_emaPeriod_126_lookback_20::signed_signal_robust-trend-breakout_d_atr-len_14_atr-mult_1-5_atr-vol-filter_0_cooldown-bars_0_ema-period_126_lookback_20__D::ensemble_2,0.08255742644838898,2.0,0.0927139992788116,0.0927139992788116,root/commodities/gc_breakout/GC::D::robust_trend_breakout_signal_D_atrLen_14_atrMult_1.5_atrVolFilter_0_cooldownBars_0_emaPeriod_126_lookback_20::signed_signal_robust-trend-breakout_d_atr-len_14_atr-mult_1-5_atr-vol-filter_0_cooldown-bars_0_ema-period_126_lookback_20__D::ensemble_2,GC,D,robust_trend_breakout_signal_D_atrLen_14_atrMult_1.5_atrVolFilter_0_cooldownBars_0_emaPeriod_126_lookback_20::signed_signal_robust-trend-breakout_d_atr-len_14_atr-mult_1-5_atr-vol-filter_0_cooldown-bars_0_ema-period_126_lookback_20__D::ensemble_2
Test,2000-01-01T00:00:00,2022-12-31T00:00:00,2023-01-01T00:00:00,2026-05-13T00:00:00,hierarchy_equal,2.0,__GLOBAL__,GC::D::sma_regime_signal_signal_D_period_252::signed_signal_sma-regime-signal_d_period_252__D::ensemble_8,0.025925545281668263,2.0,0.0927139992788116,0.0927139992788116,root/commodities/momentum/GC::D::sma_regime_signal_signal_D_period_252::signed_signal_sma-regime-signal_d_period_252__D::ensemble_8,GC,D,sma_regime_signal_signal_D_period_252::signed_signal_sma-regime-signal_d_period_252__D::ensemble_8
Test,2000-01-01T00:00:00,2022-12-31T00:00:00,2023-01-01T00:00:00,2026-05-13T00:00:00,hierarchy_equal,2.0,__GLOBAL__,GC::M::buy_hold_signal_M::rule_based_3__M::ensemble_0,0.09563776495474548,2.0,0.0927139992788116,0.0927139992788116,root/commodities/buy_hold/GC::M::buy_hold_signal_M::rule_based_3__M::ensemble_0,GC,M,buy_hold_signal_M::rule_based_3__M::ensemble_0
Test,2000-01-01T00:00:00,2022-12-31T00:00:00,2023-01-01T00:00:00,2026-05-13T00:00:00,hierarchy_equal,2.0,__GLOBAL__,NQ::D::algomatic_momentum_signal_signal_D_exitBars_5_momentumLookback_10_rsiMax_90.0_rsiPeriod_2::signed_signal_algomatic-momentum-signal_d_exit-bars_5_momentum-lookback_10_rsi-max_90-0_rsi-period_2__D::ensemble_7,0.08525874422439782,2.0,0.0927139992788116,0.0927139992788116,root/equity_indices/momentum/NQ::D::algomatic_momentum_signal_signal_D_exitBars_5_momentumLookback_10_rsiMax_90.0_rsiPeriod_2::signed_signal_algomatic-momentum-signal_d_exit-bars_5_momentum-lookback_10_rsi-max_90-0_rsi-period_2__D::ensemble_7,NQ,D,algomatic_momentum_signal_signal_D_exitBars_5_momentumLookback_10_rsiMax_90.0_rsiPeriod_2::signed_signal_algomatic-momentum-signal_d_exit-bars_5_momentum-lookback_10_rsi-max_90-0_rsi-period_2__D::ensemble_7
Test,2000-01-01T00:00:00,2022-12-31T00:00:00,2023-01-01T00:00:00,2026-05-13T00:00:00,hierarchy_equal,2.0,__GLOBAL__,NQ::D::double7s_signal_D_maPeriod_200_shortPeriod_10::signed_signal_double7s_d_ma-period_200_short-period_10__D::ensemble_4,0.031866786467349674,2.0,0.0927139992788116,0.0927139992788116,root/equity_indices/mean_reversion_indices/NQ::D::double7s_signal_D_maPeriod_200_shortPeriod_10::signed_signal_double7s_d_ma-period_200_short-period_10__D::ensemble_4,NQ,D,double7s_signal_D_maPeriod_200_shortPeriod_10::signed_signal_double7s_d_ma-period_200_short-period_10__D::ensemble_4
Test,2000-01-01T00:00:00,2022-12-31T00:00:00,2023-01-01T00:00:00,2026-05-13T00:00:00,hierarchy_equal,2.0,__GLOBAL__,NQ::D::ibs_lower_band_signal_D_bandHighLookback_10_bandWidthMult_2.5_hlMeanLookback_25_ibsEntryMax_0.3::signed_signal_ibs-lower-band_d_band-high-lookback_10_band-width-mult_2-5_hl-mean-lookback_25_ibs-entry-max_0-3__D::ensemble_6,0.034028062051275176,2.0,0.0927139992788116,0.0927139992788116,root/equity_indices/mean_reversion_indices/NQ::D::ibs_lower_band_signal_D_bandHighLookback_10_bandWidthMult_2.5_hlMeanLookback_25_ibsEntryMax_0.3::signed_signal_ibs-lower-band_d_band-high-lookback_10_band-width-mult_2-5_hl-mean-lookback_25_ibs-entry-max_0-3__D::ensemble_6,NQ,D,ibs_lower_band_signal_D_bandHighLookback_10_bandWidthMult_2.5_hlMeanLookback_25_ibsEntryMax_0.3::signed_signal_ibs-lower-band_d_band-high-lookback_10_band-width-mult_2-5_hl-mean-lookback_25_ibs-entry-max_0-3__D::ensemble_6
Test,2000-01-01T00:00:00,2022-12-31T00:00:00,2023-01-01T00:00:00,2026-05-13T00:00:00,hierarchy_equal,2.0,__GLOBAL__,NQ::D::sma_regime_signal_signal_D_period_252::signed_signal_sma-regime-signal_d_period_252__D::ensemble_8,0.019646402888081203,2.0,0.0927139992788116,0.0927139992788116,root/equity_indices/momentum/NQ::D::sma_regime_signal_signal_D_period_252::signed_signal_sma-regime-signal_d_period_252__D::ensemble_8,NQ,D,sma_regime_signal_signal_D_period_252::signed_signal_sma-regime-signal_d_period_252__D::ensemble_8
Test,2000-01-01T00:00:00,2022-12-31T00:00:00,2023-01-01T00:00:00,2026-05-13T00:00:00,hierarchy_equal,2.0,__GLOBAL__,NQ::D::turnaroundtuesday_signal_D_mode_tue_wed::rule_based_3__D::ensemble_5,0.03230097926631649,2.0,0.0927139992788116,0.0927139992788116,root/equity_indices/mean_reversion_indices/NQ::D::turnaroundtuesday_signal_D_mode_tue_wed::rule_based_3__D::ensemble_5,NQ,D,turnaroundtuesday_signal_D_mode_tue_wed::rule_based_3__D::ensemble_5
Test,2000-01-01T00:00:00,2022-12-31T00:00:00,2023-01-01T00:00:00,2026-05-13T00:00:00,hierarchy_equal,2.0,__GLOBAL__,NQ::M::buy_hold_signal_M::rule_based_3__M::ensemble_0,0.04355081553788665,2.0,0.0927139992788116,0.0927139992788116,root/equity_indices/buy_hold/NQ::M::buy_hold_signal_M::rule_based_3__M::ensemble_0,NQ,M,buy_hold_signal_M::rule_based_3__M::ensemble_0
