param_combo_label,research_display_label,gate_type,filter_family,gate_mode,vol_max_rank,filter_detail,n_observations,n_nonzero_signal,trade_reduction_pct,sharpe,t_stat,sortino
filter_gate__combo_07f317640d54b8dd175352ddfecdbd6c,C: ATR(32) low tail ≤0.13999999999999999 rank · 252d lookback · full gate,C,vol,full_gate,0.13999999999999999,ATR(32) low tail ≤0.13999999999999999 rank · 252d lookback,5967,1382,,0.20281902190866696,0.9869301863175868,0.28700915066437793
filter_gate__combo_101e065483b5f67f7c933ec1c118e7e1,C: ATR(32) high tail ≤0.6 rank · 252d lookback · full gate,C,vol,full_gate,0.6,ATR(32) high tail ≤0.6 rank · 252d lookback,5967,3276,,-0.1528802124883343,-0.7439247816870399,-0.2088582737473988
filter_gate__combo_6bc3f0cf8747110fdfa18710b01401eb,C: ATR(32) high tail ≤0.78 rank · 252d lookback · full gate,C,vol,full_gate,0.78,ATR(32) high tail ≤0.78 rank · 252d lookback,5967,4112,,-0.2064706422038078,-1.0046992015920382,-0.283566081585769
filter_gate__combo_70ba45cc8aaafd34bbddccc61eb00402,C: ATR(32) high tail ≤0.42 rank · 252d lookback · full gate,C,vol,full_gate,0.42,ATR(32) high tail ≤0.42 rank · 252d lookback,5967,2409,,-0.1684468639839896,-0.8196730922565797,-0.23029963343508605
filter_gate__combo_aaec33f256add3c7aa2822645ed1cd83,C: ATR(32) low tail ≤0.2 rank · 252d lookback · full gate,C,vol,full_gate,0.2,ATR(32) low tail ≤0.2 rank · 252d lookback,5967,1749,,0.15513590848560152,0.7549011410536741,0.2088687363383187
filter_gate__combo_b1144e752ebe726e5e1a3770c84747d6,C: SMA(252) price above · full gate,C,trend,full_gate,n/a,SMA(252) price above,5967,2760,,-0.042105496178955086,-0.2048880070410931,-0.05563216369098148
filter_gate__combo_fcaa9f5b2ac8dec7ec02a1c7e9234138,C: ATR(32) low tail ≤0.26 rank · 252d lookback · full gate,C,vol,full_gate,0.26,ATR(32) low tail ≤0.26 rank · 252d lookback,5967,2017,,0.10269060194085286,0.4996989629118223,0.13855335564534094
filter_gate_entry_only__combo_07f317640d54b8dd175352ddfecdbd6c,B: ATR(32) low tail ≤0.13999999999999999 rank · 252d lookback · entry-only,B,vol,entry_only,0.13999999999999999,ATR(32) low tail ≤0.13999999999999999 rank · 252d lookback,5967,5967,,-0.14054193085308803,-0.683885923011368,-0.19263619815971542
filter_gate_entry_only__combo_101e065483b5f67f7c933ec1c118e7e1,B: ATR(32) high tail ≤0.6 rank · 252d lookback · entry-only,B,vol,entry_only,0.6,ATR(32) high tail ≤0.6 rank · 252d lookback,5967,5967,,-0.14054193085308803,-0.683885923011368,-0.19263619815971542
filter_gate_entry_only__combo_6bc3f0cf8747110fdfa18710b01401eb,B: ATR(32) high tail ≤0.78 rank · 252d lookback · entry-only,B,vol,entry_only,0.78,ATR(32) high tail ≤0.78 rank · 252d lookback,5967,5967,,-0.14054193085308803,-0.683885923011368,-0.19263619815971542
filter_gate_entry_only__combo_70ba45cc8aaafd34bbddccc61eb00402,B: ATR(32) high tail ≤0.42 rank · 252d lookback · entry-only,B,vol,entry_only,0.42,ATR(32) high tail ≤0.42 rank · 252d lookback,5967,5967,,-0.14054193085308803,-0.683885923011368,-0.19263619815971542
filter_gate_entry_only__combo_aaec33f256add3c7aa2822645ed1cd83,B: ATR(32) low tail ≤0.2 rank · 252d lookback · entry-only,B,vol,entry_only,0.2,ATR(32) low tail ≤0.2 rank · 252d lookback,5967,5967,,-0.14054193085308803,-0.683885923011368,-0.19263619815971542
filter_gate_entry_only__combo_b1144e752ebe726e5e1a3770c84747d6,B: SMA(252) price above · entry-only,B,trend,entry_only,n/a,SMA(252) price above,5967,5967,,-0.14054193085308803,-0.683885923011368,-0.19263619815971542
filter_gate_entry_only__combo_fcaa9f5b2ac8dec7ec02a1c7e9234138,B: ATR(32) low tail ≤0.26 rank · 252d lookback · entry-only,B,vol,entry_only,0.26,ATR(32) low tail ≤0.26 rank · 252d lookback,5967,5967,,-0.14054193085308803,-0.683885923011368,-0.19263619815971542
linear_z_mr__cap2__lb200__scale1,A: Baseline · cap2_lb200_scale1,A,baseline,n/a,n/a,unfiltered cumrsi,5967,5967,,-0.14054193085308803,-0.683885923011368,-0.19263619815971542
