ticker,cluster_id,timeframe,model_name,stream_id,model_weight,cluster_weight,avg_positive_corr,ulcer_index,score,phase
ES,cluster_4,M,buy_hold_signal_M::rule_based_3__M::ensemble_0,ES::M::buy_hold_signal_M::rule_based_3__M::ensemble_0,0.09090909090909091,0.09090909090909091,0.2370237785994213,,,train
ES,cluster_1,D,rebalancing_signal_D_crossTickers_TLT::rule_based_3_cross_tickers_tlt__D::ensemble_2,ES::D::rebalancing_signal_D_crossTickers_TLT::rule_based_3_cross_tickers_tlt__D::ensemble_2,0.09090909090909091,0.09090909090909091,0.05175220964382228,,,train
ES,cluster_2,D,seasonalindiceseof_signal_D_smaPeriod_200::rule_based_3__D::ensemble_1,ES::D::seasonalindiceseof_signal_D_smaPeriod_200::rule_based_3__D::ensemble_1,0.09090909090909091,0.09090909090909091,0.07127037426802398,,,train
ES,cluster_3,D,turnaroundtuesday_signal_D_mode_tue_wed::rule_based_3__D::ensemble_3,ES::D::turnaroundtuesday_signal_D_mode_tue_wed::rule_based_3__D::ensemble_3,0.09090909090909091,0.09090909090909091,0.07627930874795558,,,train
GC,cluster_5,M,buy_hold_signal_M::rule_based_3__M::ensemble_0,GC::M::buy_hold_signal_M::rule_based_3__M::ensemble_0,0.09090909090909091,0.09090909090909091,0.11883618779552854,,,train
NQ,cluster_7,M,buy_hold_signal_M::rule_based_3__M::ensemble_0,NQ::M::buy_hold_signal_M::rule_based_3__M::ensemble_0,0.09090909090909091,0.09090909090909091,0.19813013714318925,,,train
NQ,cluster_6,D,turnaroundtuesday_signal_D_mode_tue_wed::rule_based_3__D::ensemble_3,NQ::D::turnaroundtuesday_signal_D_mode_tue_wed::rule_based_3__D::ensemble_3,0.09090909090909091,0.09090909090909091,0.05314549382244921,,,train
RTY,cluster_8,M,buy_hold_signal_M::rule_based_3__M::ensemble_0,RTY::M::buy_hold_signal_M::rule_based_3__M::ensemble_0,0.09090909090909091,0.09090909090909091,0.21661473184985142,,,train
TLT,cluster_11,M,buy_hold_signal_M::rule_based_3__M::ensemble_0,TLT::M::buy_hold_signal_M::rule_based_3__M::ensemble_0,0.09090909090909091,0.09090909090909091,0.147001130863383,,,train
TLT,cluster_9,D,rebalancing_cross_signal_D_crossTickers_ES::rule_based_3_cross_tickers_es__D::ensemble_0,TLT::D::rebalancing_cross_signal_D_crossTickers_ES::rule_based_3_cross_tickers_es__D::ensemble_0,0.09090909090909091,0.09090909090909091,0.0696772983200031,,,train
TLT,cluster_10,D,seasonalbondsmonth_signal_D_longDays_7_mode_short_then_long_shortDays_7::rule_based_3__D::ensemble_4,TLT::D::seasonalbondsmonth_signal_D_longDays_7_mode_short_then_long_shortDays_7::rule_based_3__D::ensemble_4,0.09090909090909091,0.09090909090909091,0.05998562531683269,,,train
